2007	1	1	48.0	33.1	40.5
2007	1	2	45.0	35.1	40.0
2007	1	3	51.1	35.1	43.1
2007	1	4	53.1	39.0	46.0
2007	1	5	63.0	48.0	55.5
2007	1	6	69.1	51.1	60.1
2007	1	7	51.1	43.0	47.0
2007	1	8	53.1	39.9	46.5
2007	1	9	43.0	34.0	38.5
2007	1	10	36.0	24.1	30.1
2007	1	11	35.1	21.0	28.1
2007	1	12	50.0	35.1	42.5
2007	1	13	51.1	37.9	44.5
2007	1	14	39.9	30.9	35.4
2007	1	15	41.0	30.0	35.5
2007	1	16	41.0	18.0	29.5
2007	1	17	19.0	8.1	13.6
2007	1	18	39.0	12.9	25.9
2007	1	19	39.9	33.1	36.5
2007	1	20	33.1	16.0	24.6
2007	1	21	26.1	12.9	19.5
2007	1	22	27.0	21.0	24.0
2007	1	23	32.0	21.0	26.5
2007	1	24	42.1	25.0	33.5
2007	1	25	28.0	7.0	17.5
2007	1	26	12.9	3.0	8.0
2007	1	27	27.0	6.1	16.6
2007	1	28	39.0	25.0	32.0
2007	1	29	28.0	19.0	23.5
2007	1	30	30.9	18.0	24.4
2007	1	31	33.1	19.0	26.1
2007	2	1	37.0	23.0	30.0
2007	2	2	37.0	28.0	32.5
2007	2	3	35.1	21.9	28.5
2007	2	4	25.0	15.1	20.1
2007	2	5	19.0	10.0	14.5
2007	2	6	27.0	15.1	21.1
2007	2	7	24.1	12.0	18.1
2007	2	8	27.0	15.1	21.1
2007	2	9	28.9	19.0	23.9
2007	2	10	33.1	18.0	25.6
2007	2	11	30.9	19.0	24.9
2007	2	12	37.0	21.0	29.0
2007	2	13	21.9	9.0	15.4
2007	2	14	37.0	15.1	26.1
2007	2	15	21.9	12.0	16.9
2007	2	16	28.9	10.0	19.4
2007	2	17	35.1	21.9	28.5
2007	2	18	34.0	19.0	26.5
2007	2	19	21.9	8.1	15.0
2007	2	20	48.9	19.9	34.4
2007	2	21	45.0	34.0	39.5
2007	2	22	39.9	27.0	33.5
2007	2	23	34.0	18.0	26.0
2007	2	24	35.1	15.1	25.1
2007	2	25	43.0	24.1	33.5
2007	2	26	36.0	30.9	33.5
2007	2	27	37.9	30.0	34.0
2007	2	28	41.0	30.0	35.5
2007	3	1	39.9	26.1	33.0
2007	3	2	44.1	32.0	38.0
2007	3	3	57.0	30.0	43.5
2007	3	4	41.0	30.0	35.5
2007	3	5	39.0	21.9	30.4
2007	3	6	23.0	6.1	14.6
2007	3	7	24.1	6.1	15.1
2007	3	8	26.1	7.0	16.6
2007	3	9	30.9	5.0	17.9
2007	3	10	52.0	23.0	37.5
2007	3	11	53.1	39.0	46.0
2007	3	12	55.0	35.1	45.0
2007	3	13	61.0	37.9	49.5
2007	3	14	68.0	45.0	56.5
2007	3	15	57.0	37.9	47.5
2007	3	16	37.9	26.1	32.0
2007	3	17	36.0	28.0	32.0
2007	3	18	34.0	24.1	29.1
2007	3	19	39.9	27.0	33.5
2007	3	20	44.1	24.1	34.1
2007	3	21	35.1	19.9	27.5
2007	3	22	57.0	34.0	45.5
2007	3	23	59.0	39.9	49.5
2007	3	24	46.0	32.0	39.0
2007	3	25	46.0	34.0	40.0
2007	3	26	46.9	36.0	41.5
2007	3	27	57.9	42.1	50.0
2007	3	28	55.9	39.0	47.5
2007	3	29	52.0	33.1	42.5
2007	3	30	61.0	37.9	49.5
2007	3	31	46.0	36.0	41.0
2007	4	1	52.0	33.1	42.5
2007	4	2	41.0	37.9	39.5
2007	4	3	44.1	36.0	40.0
2007	4	4	39.0	35.1	37.0
2007	4	5	45.0	30.0	37.5
2007	4	6	39.0	28.0	33.5
2007	4	7	42.1	30.0	36.0
2007	4	8	42.1	28.9	35.5
2007	4	9	50.0	34.0	42.0
2007	4	10	44.1	35.1	39.6
2007	4	11	50.0	34.0	42.0
2007	4	12	41.0	35.1	38.0
2007	4	13	48.9	35.1	42.0
2007	4	14	52.0	39.0	45.5
2007	4	15	44.1	37.9	41.0
2007	4	16	48.0	42.1	45.0
2007	4	17	42.1	37.0	39.5
2007	4	18	43.0	39.0	41.0
2007	4	19	51.1	39.0	45.0
2007	4	20	51.1	36.0	43.5
2007	4	21	75.0	44.1	59.5
2007	4	22	66.9	48.9	57.9
2007	4	23	86.0	52.0	69.0
2007	4	24	73.0	52.0	62.5
2007	4	25	59.0	45.0	52.0
2007	4	26	57.9	42.1	50.0
2007	4	27	50.0	44.1	47.0
2007	4	28	52.0	44.1	48.0
2007	4	29	48.9	44.1	46.5
2007	4	30	71.1	43.0	57.0
2007	5	1	68.0	48.0	58.0
2007	5	2	66.0	48.0	57.0
2007	5	3	68.0	46.9	57.5
2007	5	4	68.0	50.0	59.0
2007	5	5	66.9	48.0	57.5
2007	5	6	51.1	44.1	47.6
2007	5	7	64.9	42.1	53.5
2007	5	8	80.1	46.9	63.5
2007	5	9	86.0	57.0	71.5
2007	5	10	84.0	62.1	73.0
2007	5	11	75.9	62.1	69.0
2007	5	12	69.1	50.0	59.5
2007	5	13	66.0	51.1	58.5
2007	5	14	75.0	46.9	61.0
2007	5	15	82.0	54.0	68.0
2007	5	16	64.0	46.0	55.0
2007	5	17	50.0	46.0	48.0
2007	5	18	46.0	42.1	44.0
2007	5	19	53.1	43.0	48.0
2007	5	20	64.0	50.0	57.0
2007	5	21	66.0	50.0	58.0
2007	5	22	66.9	48.0	57.5
2007	5	23	73.0	50.0	61.5
2007	5	24	80.1	53.1	66.6
2007	5	25	91.9	70.0	81.0
2007	5	26	86.0	64.9	75.5
2007	5	27	71.1	57.0	64.0
2007	5	28	84.0	59.0	71.5
2007	5	29	79.0	59.0	69.0
2007	5	30	82.0	60.1	71.0
2007	5	31	64.9	57.0	61.0
2007	6	1	81.0	57.9	69.5
2007	6	2	86.0	64.0	75.0
2007	6	3	73.0	53.1	63.0
2007	6	4	60.1	52.0	56.0
2007	6	5	81.0	59.0	70.0
2007	6	6	72.0	54.0	63.0
2007	6	7	71.1	51.1	61.1
2007	6	8	69.1	59.0	64.0
2007	6	9	64.9	57.0	61.0
2007	6	10	71.1	53.1	62.1
2007	6	11	79.0	64.9	72.0
2007	6	12	73.9	59.0	66.5
2007	6	13	60.1	54.0	57.0
2007	6	14	60.1	52.0	56.0
2007	6	15	66.0	50.0	58.0
2007	6	16	75.9	57.9	66.9
2007	6	17	88.0	63.0	75.5
2007	6	18	81.0	64.0	72.5
2007	6	19	82.0	66.0	74.0
2007	6	20	79.0	66.0	72.5
2007	6	21	81.0	62.1	71.5
2007	6	22	73.9	59.0	66.5
2007	6	23	72.0	55.9	64.0
2007	6	24	79.0	57.0	68.0
2007	6	25	89.1	64.9	77.0
2007	6	26	95.0	66.9	81.0
2007	6	27	96.1	75.9	86.0
2007	6	28	91.9	75.9	83.9
2007	6	29	77.0	63.0	70.0
2007	6	30	82.0	62.1	72.0
2007	7	1	73.9	59.0	66.5
2007	7	2	75.9	55.9	65.9
2007	7	3	72.0	57.9	65.0
2007	7	4	82.0	61.0	71.5
2007	7	5	82.9	64.0	73.5
2007	7	6	84.9	66.0	75.5
2007	7	7	84.0	64.9	74.5
2007	7	8	91.0	63.0	77.0
2007	7	9	71.1	62.1	66.6
2007	7	10	69.1	61.0	65.0
2007	7	11	87.1	64.9	76.0
2007	7	12	84.0	69.1	76.5
2007	7	13	87.1	64.9	76.0
2007	7	14	79.0	68.0	73.5
2007	7	15	90.0	68.0	79.0
2007	7	16	81.0	64.9	73.0
2007	7	17	82.0	64.9	73.5
2007	7	18	71.1	64.0	67.5
2007	7	19	73.9	61.0	67.5
2007	7	20	84.9	66.9	75.9
2007	7	21	75.0	63.0	69.0
2007	7	22	78.1	64.0	71.0
2007	7	23	66.9	63.0	65.0
2007	7	24	84.0	63.0	73.5
2007	7	25	90.0	66.0	78.0
2007	7	26	91.9	68.0	80.0
2007	7	27	91.9	73.0	82.5
2007	7	28	87.1	71.1	79.1
2007	7	29	82.9	70.0	76.5
2007	7	30	75.9	66.9	71.4
2007	7	31	81.0	68.0	74.5
2007	8	1	82.0	71.1	76.5
2007	8	2	93.9	70.0	82.0
2007	8	3	95.0	75.0	85.0
2007	8	4	91.9	73.9	82.9
2007	8	5	75.9	66.9	71.4
2007	8	6	78.1	63.0	70.5
2007	8	7	73.9	64.9	69.4
2007	8	8	91.0	68.0	79.5
2007	8	9	75.9	64.9	70.4
2007	8	10	66.0	59.0	62.5
2007	8	11	81.0	55.9	68.5
2007	8	12	84.9	68.0	76.5
2007	8	13	84.9	66.9	75.9
2007	8	14	75.0	63.0	69.0
2007	8	15	86.0	62.1	74.0
2007	8	16	89.1	69.1	79.1
2007	8	17	80.1	66.9	73.5
2007	8	18	73.9	57.9	65.9
2007	8	19	73.9	57.0	65.5
2007	8	20	68.0	55.9	62.0
2007	8	21	66.9	55.0	61.0
2007	8	22	69.1	55.0	62.0
2007	8	23	70.0	63.0	66.5
2007	8	24	91.0	69.1	80.0
2007	8	25	96.1	72.0	84.0
2007	8	26	86.0	72.0	79.0
2007	8	27	75.9	64.0	70.0
2007	8	28	78.1	62.1	70.1
2007	8	29	82.0	64.0	73.0
2007	8	30	89.1	66.9	78.0
2007	8	31	75.0	64.0	69.5
2007	9	1	79.0	62.1	70.5
2007	9	2	73.0	55.9	64.5
2007	9	3	87.1	60.1	73.6
2007	9	4	78.1	64.0	71.0
2007	9	5	73.0	59.0	66.0
2007	9	6	78.1	57.9	68.0
2007	9	7	93.9	64.9	79.4
2007	9	8	95.0	71.1	83.0
2007	9	9	77.0	60.1	68.5
2007	9	10	66.0	60.1	63.0
2007	9	11	68.0	60.1	64.0
2007	9	12	75.9	60.1	68.0
2007	9	13	73.0	57.0	65.0
2007	9	14	75.9	57.0	66.5
2007	9	15	64.9	54.0	59.5
2007	9	16	61.0	50.0	55.5
2007	9	17	63.0	48.9	56.0
2007	9	18	63.0	46.9	55.0
2007	9	19	64.0	50.0	57.0
2007	9	20	78.1	55.9	67.0
2007	9	21	71.1	59.0	65.0
2007	9	22	80.1	62.1	71.1
2007	9	23	80.1	64.0	72.0
2007	9	24	82.0	59.0	70.5
2007	9	25	88.0	62.1	75.0
2007	9	26	93.0	71.1	82.0
2007	9	27	84.9	68.0	76.5
2007	9	28	80.1	62.1	71.1
2007	9	29	73.9	59.0	66.5
2007	9	30	63.0	54.0	58.5
2007	10	1	64.9	52.0	58.5
2007	10	2	64.9	50.0	57.5
2007	10	3	70.0	60.1	65.0
2007	10	4	86.0	62.1	74.0
2007	10	5	82.0	60.1	71.0
2007	10	6	80.1	63.0	71.5
2007	10	7	69.1	54.0	61.5
2007	10	8	59.0	54.0	56.5
2007	10	9	61.0	54.0	57.5
2007	10	10	60.1	54.0	57.0
2007	10	11	60.1	57.9	59.0
2007	10	12	64.9	46.9	55.9
2007	10	13	60.1	44.1	52.1
2007	10	14	62.1	46.9	54.5
2007	10	15	63.0	44.1	53.5
2007	10	16	63.0	46.9	55.0
2007	10	17	63.0	44.1	53.5
2007	10	18	69.1	55.0	62.0
2007	10	19	73.0	57.9	65.5
2007	10	20	72.0	57.9	65.0
2007	10	21	75.0	55.0	65.0
2007	10	22	81.0	57.9	69.5
2007	10	23	78.1	57.9	68.0
2007	10	24	66.0	53.1	59.5
2007	10	25	57.9	46.0	52.0
2007	10	26	59.0	44.1	51.5
2007	10	27	70.0	55.0	62.5
2007	10	28	61.0	42.1	51.5
2007	10	29	51.1	37.0	44.0
2007	10	30	63.0	41.0	52.0
2007	10	31	64.0	44.1	54.0
2007	11	1	69.1	48.0	58.5
2007	11	2	51.1	41.0	46.0
2007	11	3	50.0	44.1	47.0
2007	11	4	57.0	42.1	49.5
2007	11	5	53.1	39.0	46.0
2007	11	6	55.0	39.9	47.5
2007	11	7	51.1	37.0	44.0
2007	11	8	45.0	33.1	39.0
2007	11	9	46.0	32.0	39.0
2007	11	10	43.0	32.0	37.5
2007	11	11	46.0	28.0	37.0
2007	11	12	45.0	30.9	38.0
2007	11	13	57.9	41.0	49.5
2007	11	14	60.1	37.0	48.5
2007	11	15	66.0	44.1	55.0
2007	11	16	46.9	34.0	40.5
2007	11	17	43.0	33.1	38.0
2007	11	18	43.0	34.0	38.5
2007	11	19	39.9	34.0	37.0
2007	11	20	41.0	30.9	36.0
2007	11	21	46.0	34.0	40.0
2007	11	22	60.1	43.0	51.5
2007	11	23	43.0	28.0	35.5
2007	11	24	34.0	21.9	27.9
2007	11	25	50.0	30.9	40.5
2007	11	26	57.9	37.9	47.9
2007	11	27	64.0	41.0	52.5
2007	11	28	46.0	35.1	40.5
2007	11	29	51.1	37.9	44.5
2007	11	30	42.1	34.0	38.0
2007	12	1	37.9	18.0	27.9
2007	12	2	28.0	18.0	23.0
2007	12	3	41.0	28.0	34.5
2007	12	4	30.0	21.9	25.9
2007	12	5	32.0	24.1	28.1
2007	12	6	30.9	19.0	24.9
2007	12	7	37.0	23.0	30.0
2007	12	8	44.1	28.9	36.5
2007	12	9	36.0	28.0	32.0
2007	12	10	33.1	28.9	31.0
2007	12	11	37.0	27.0	32.0
2007	12	12	48.0	30.0	39.0
2007	12	13	33.1	21.9	27.5
2007	12	14	41.0	23.0	32.0
2007	12	15	34.0	17.1	25.6
2007	12	16	43.0	21.9	32.5
2007	12	17	36.0	19.0	27.5
2007	12	18	32.0	18.0	25.0
2007	12	19	37.9	21.9	29.9
2007	12	20	35.1	28.9	32.0
2007	12	21	28.9	24.1	26.5
2007	12	22	37.9	26.1	32.0
2007	12	23	51.1	33.1	42.1
2007	12	24	53.1	34.0	43.5
2007	12	25	43.0	32.0	37.5
2007	12	26	39.9	27.0	33.5
2007	12	27	39.0	34.0	36.5
2007	12	28	46.9	35.1	41.0
2007	12	29	46.0	37.0	41.5
2007	12	30	42.1	33.1	37.6
2007	12	31	41.0	30.0	35.5
2008	1	1	39.9	28.0	34.0
2008	1	2	33.1	10.0	21.6
2008	1	3	14.0	7.0	10.5
2008	1	4	32.0	8.1	20.1
2008	1	5	42.1	27.0	34.5
2008	1	6	46.9	36.0	41.5
2008	1	7	55.0	35.1	45.0
2008	1	8	66.9	45.0	56.0
2008	1	9	62.1	46.0	54.0
2008	1	10	48.9	37.9	43.4
2008	1	11	57.0	37.9	47.5
2008	1	12	48.0	37.9	43.0
2008	1	13	44.1	30.0	37.0
2008	1	14	39.0	28.0	33.5
2008	1	15	35.1	24.1	29.6
2008	1	16	34.0	23.0	28.5
2008	1	17	35.1	21.0	28.1
2008	1	18	46.9	33.1	40.0
2008	1	19	35.1	30.0	32.5
2008	1	20	34.0	19.0	26.5
2008	1	21	25.0	15.1	20.1
2008	1	22	39.9	19.9	29.9
2008	1	23	37.0	28.9	33.0
2008	1	24	32.0	21.9	26.9
2008	1	25	30.9	16.0	23.4
2008	1	26	33.1	24.1	28.6
2008	1	27	34.0	24.1	29.1
2008	1	28	41.0	23.0	32.0
2008	1	29	39.9	27.0	33.5
2008	1	30	50.0	32.0	41.0
2008	1	31	36.0	27.0	31.5
2008	2	1	54.0	26.1	40.0
2008	2	2	53.1	37.9	45.5
2008	2	3	45.0	37.0	41.0
2008	2	4	39.9	32.0	36.0
2008	2	5	45.0	36.0	40.5
2008	2	6	46.0	36.0	41.0
2008	2	7	37.0	28.9	33.0
2008	2	8	32.0	28.0	30.0
2008	2	9	37.0	23.0	30.0
2008	2	10	43.0	16.0	29.5
2008	2	11	26.1	12.0	19.1
2008	2	12	30.0	16.0	23.0
2008	2	13	39.9	25.0	32.5
2008	2	14	39.0	28.9	34.0
2008	2	15	46.9	27.0	37.0
2008	2	16	30.9	19.9	25.4
2008	2	17	45.0	21.0	33.0
2008	2	18	62.1	42.1	52.1
2008	2	19	45.0	28.0	36.5
2008	2	20	30.9	24.1	27.5
2008	2	21	30.9	19.9	25.4
2008	2	22	32.0	23.0	27.5
2008	2	23	34.0	25.0	29.5
2008	2	24	39.0	21.9	30.4
2008	2	25	46.9	26.1	36.5
2008	2	26	39.9	28.9	34.4
2008	2	27	39.9	25.0	32.5
2008	2	28	28.0	17.1	22.6
2008	3	1	39.0	25.0	32.0
2008	3	2	41.0	28.0	34.5
2008	3	3	48.9	26.1	37.5
2008	3	4	60.1	39.0	49.5
2008	3	5	60.1	37.0	48.5
2008	3	6	42.1	34.0	38.0
2008	3	7	43.0	30.9	37.0
2008	3	8	57.9	37.0	47.5
2008	3	9	51.1	28.9	40.0
2008	3	10	39.0	25.0	32.0
2008	3	11	43.0	26.1	34.5
2008	3	12	43.0	34.0	38.5
2008	3	13	37.9	28.9	33.4
2008	3	14	51.1	32.0	41.5
2008	3	15	39.9	34.0	37.0
2008	3	16	41.0	34.0	37.5
2008	3	17	44.1	28.9	36.5
2008	3	18	39.0	28.0	33.5
2008	3	19	41.0	33.1	37.0
2008	3	20	45.0	36.0	40.5
2008	3	21	39.9	30.0	35.0
2008	3	22	46.9	30.0	38.5
2008	3	23	45.0	28.9	37.0
2008	3	24	44.1	28.0	36.0
2008	3	25	37.9	28.0	33.0
2008	3	26	57.9	37.9	47.9
2008	3	27	55.0	37.0	46.0
2008	3	28	43.0	35.1	39.0
2008	3	29	36.0	27.0	31.5
2008	3	30	41.0	26.1	33.5
2008	3	31	53.1	28.9	41.0
2008	4	1	64.0	52.0	58.0
2008	4	2	55.0	36.0	45.5
2008	4	3	53.1	33.1	43.1
2008	4	4	44.1	37.0	40.5
2008	4	5	54.0	39.0	46.5
2008	4	6	42.1	39.0	40.5
2008	4	7	43.0	36.0	39.5
2008	4	8	45.0	33.1	39.0
2008	4	9	53.1	33.1	43.1
2008	4	10	72.0	46.9	59.5
2008	4	11	53.1	44.1	48.6
2008	4	12	61.0	44.1	52.5
2008	4	13	48.9	37.9	43.4
2008	4	14	55.0	36.0	45.5
2008	4	15	53.1	37.0	45.0
2008	4	16	57.9	37.0	47.5
2008	4	17	55.9	39.9	47.9
2008	4	18	68.0	43.0	55.5
2008	4	19	57.0	46.0	51.5
2008	4	20	55.0	45.0	50.0
2008	4	21	52.0	44.1	48.0
2008	4	22	66.9	44.1	55.5
2008	4	23	84.0	50.0	67.0
2008	4	24	73.9	53.1	63.5
2008	4	25	62.1	48.9	55.5
2008	4	26	53.1	44.1	48.6
2008	4	27	51.1	46.0	48.5
2008	4	28	57.9	44.1	51.0
2008	4	29	60.1	45.0	52.5
2008	4	30	53.1	42.1	47.6
2008	5	1	60.1	39.9	50.0
2008	5	2	50.0	46.0	48.0
2008	5	3	48.0	43.0	45.5
2008	5	4	52.0	45.0	48.5
2008	5	5	57.9	44.1	51.0
2008	5	6	66.0	46.0	56.0
2008	5	7	70.0	55.0	62.5
2008	5	8	77.0	57.0	67.0
2008	5	9	61.0	48.0	54.5
2008	5	10	59.0	48.0	53.5
2008	5	11	57.9	46.0	52.0
2008	5	12	51.1	46.9	49.0
2008	5	13	66.0	46.0	56.0
2008	5	14	60.1	48.0	54.0
2008	5	15	69.1	52.0	60.5
2008	5	16	59.0	48.0	53.5
2008	5	17	73.0	50.0	61.5
2008	5	18	71.1	55.0	63.0
2008	5	19	60.1	50.0	55.0
2008	5	20	66.0	45.0	55.5
2008	5	21	71.1	50.0	60.5
2008	5	22	60.1	48.9	54.5
2008	5	23	72.0	48.0	60.0
2008	5	24	72.0	53.1	62.5
2008	5	25	71.1	55.0	63.0
2008	5	26	80.1	53.1	66.6
2008	5	27	82.9	57.0	70.0
2008	5	28	68.0	51.1	59.5
2008	5	29	77.0	52.0	64.5
2008	5	30	66.0	57.9	62.0
2008	5	31	75.9	62.1	69.0
2008	6	1	82.0	61.0	71.5
2008	6	2	78.1	59.0	68.5
2008	6	3	86.0	61.0	73.5
2008	6	4	70.0	53.1	61.5
2008	6	5	59.0	52.0	55.5
2008	6	6	61.0	52.0	56.5
2008	6	7	91.9	57.0	74.5
2008	6	8	93.0	77.0	85.0
2008	6	9	95.0	66.0	80.5
2008	6	10	95.0	63.0	79.0
2008	6	11	87.1	66.0	76.5
2008	6	12	81.0	66.9	74.0
2008	6	13	78.1	60.1	69.1
2008	6	14	75.0	63.0	69.0
2008	6	15	64.0	57.0	60.5
2008	6	16	66.9	60.1	63.5
2008	6	17	80.1	59.0	69.5
2008	6	18	73.9	57.9	65.9
2008	6	19	75.0	59.0	67.0
2008	6	20	80.1	61.0	70.5
2008	6	21	82.9	63.0	73.0
2008	6	22	84.0	63.0	73.5
2008	6	23	73.0	64.9	69.0
2008	6	24	78.1	59.0	68.5
2008	6	25	82.9	63.0	73.0
2008	6	26	82.0	64.9	73.5
2008	6	27	84.9	66.0	75.5
2008	6	28	69.1	57.0	63.0
2008	6	29	75.0	61.0	68.0
2008	6	30	88.0	73.0	80.5
2008	7	1	88.0	68.0	78.0
2008	7	2	80.1	66.0	73.0
2008	7	3	88.0	64.9	76.5
2008	7	4	72.0	62.1	67.0
2008	7	5	69.1	61.0	65.0
2008	7	6	79.0	61.0	70.0
2008	7	7	87.1	69.1	78.1
2008	7	8	90.0	73.0	81.5
2008	7	9	90.0	73.0	81.5
2008	7	10	84.0	71.1	77.5
2008	7	11	77.0	66.0	71.5
2008	7	12	82.9	66.9	74.9
2008	7	13	84.0	68.0	76.0
2008	7	14	84.0	69.1	76.5
2008	7	15	88.0	66.0	77.0
2008	7	16	82.0	69.1	75.5
2008	7	17	84.9	69.1	77.0
2008	7	18	91.9	66.0	79.0
2008	7	19	95.0	68.0	81.5
2008	7	20	82.0	70.0	76.0
2008	7	21	84.0	68.0	76.0
2008	7	22	73.0	66.0	69.5
2008	7	23	71.1	66.0	68.5
2008	7	24	82.9	68.0	75.5
2008	7	25	77.0	66.9	72.0
2008	7	26	84.9	66.9	75.9
2008	7	27	80.1	64.9	72.5
2008	7	28	84.9	64.0	74.5
2008	7	29	86.0	72.0	79.0
2008	7	30	80.1	68.0	74.0
2008	7	31	84.9	66.0	75.5
2008	8	1	80.1	68.0	74.0
2008	8	2	75.0	66.0	70.5
2008	8	3	80.1	63.0	71.5
2008	8	4	82.9	66.0	74.5
2008	8	5	71.1	66.0	68.5
2008	8	6	66.0	63.0	64.5
2008	8	7	71.1	63.0	67.0
2008	8	8	73.9	63.0	68.5
2008	8	9	77.0	63.0	70.0
2008	8	10	75.9	63.0	69.5
2008	8	11	68.0	64.0	66.0
2008	8	12	75.0	61.0	68.0
2008	8	13	80.1	63.0	71.5
2008	8	14	75.0	64.0	69.5
2008	8	15	75.0	64.9	70.0
2008	8	16	81.0	64.0	72.5
2008	8	17	82.0	66.0	74.0
2008	8	18	87.1	69.1	78.1
2008	8	19	79.0	60.1	69.5
2008	8	20	75.0	55.9	65.5
2008	8	21	78.1	59.0	68.5
2008	8	22	79.0	62.1	70.5
2008	8	23	78.1	62.1	70.1
2008	8	24	75.9	61.0	68.5
2008	8	25	84.0	62.1	73.0
2008	8	26	75.0	59.0	67.0
2008	8	27	73.0	57.9	65.5
2008	8	28	73.9	63.0	68.5
2008	8	29	75.0	62.1	68.5
2008	8	30	79.0	66.9	73.0
2008	8	31	82.0	66.9	74.5
2008	9	1	84.0	64.0	74.0
2008	9	2	75.9	64.0	70.0
2008	9	3	75.0	61.0	68.0
2008	9	4	88.0	64.9	76.5
2008	9	5	89.1	69.1	79.1
2008	9	6	82.9	69.1	76.0
2008	9	7	80.1	66.9	73.5
2008	9	8	79.0	63.0	71.0
2008	9	9	77.0	64.0	70.5
2008	9	10	70.0	57.0	63.5
2008	9	11	68.0	53.1	60.5
2008	9	12	68.0	57.0	62.5
2008	9	13	73.0	64.0	68.5
2008	9	14	73.0	66.0	69.5
2008	9	15	82.0	64.0	73.0
2008	9	16	64.9	57.9	61.4
2008	9	17	66.9	55.9	61.4
2008	9	18	68.0	53.1	60.5
2008	9	19	57.9	48.0	53.0
2008	9	20	62.1	48.0	55.0
2008	9	21	75.0	52.0	63.5
2008	9	22	61.0	52.0	56.5
2008	9	23	62.1	50.0	56.0
2008	9	24	63.0	50.0	56.5
2008	9	25	64.9	51.1	58.0
2008	9	26	63.0	60.1	61.5
2008	9	27	68.0	61.0	64.5
2008	9	28	71.1	62.1	66.6
2008	9	29	69.1	63.0	66.0
2008	9	30	64.0	59.0	61.5
2008	10	1	68.0	60.1	64.0
2008	10	2	64.0	48.9	56.5
2008	10	3	64.0	48.0	56.0
2008	10	4	63.0	46.0	54.5
2008	10	5	55.9	45.0	50.5
2008	10	6	60.1	45.0	52.5
2008	10	7	66.0	44.1	55.0
2008	10	8	71.1	46.0	58.5
2008	10	9	73.9	57.9	65.9
2008	10	10	71.1	57.0	64.0
2008	10	11	70.0	51.1	60.5
2008	10	12	64.9	50.0	57.5
2008	10	13	62.1	52.0	57.0
2008	10	14	66.9	53.1	60.0
2008	10	15	63.0	53.1	58.0
2008	10	16	70.0	55.0	62.5
2008	10	17	60.1	46.0	53.0
2008	10	18	53.1	41.0	47.0
2008	10	19	50.0	39.9	45.0
2008	10	20	55.9	37.0	46.5
2008	10	21	59.0	44.1	51.5
2008	10	22	48.0	41.0	44.5
2008	10	23	48.0	35.1	41.5
2008	10	24	63.0	35.1	49.0
2008	10	25	66.0	45.0	55.5
2008	10	26	66.0	48.0	57.0
2008	10	27	61.0	46.0	53.5
2008	10	28	54.0	39.9	47.0
2008	10	29	46.0	36.0	41.0
2008	10	30	46.0	34.0	40.0
2008	10	31	63.0	33.1	48.0
2008	11	1	61.0	39.9	50.5
2008	11	2	44.1	34.0	39.0
2008	11	3	52.0	32.0	42.0
2008	11	4	66.0	45.0	55.5
2008	11	5	59.0	48.9	54.0
2008	11	6	57.9	54.0	56.0
2008	11	7	59.0	54.0	56.5
2008	11	8	62.1	53.1	57.6
2008	11	9	59.0	48.0	53.5
2008	11	10	53.1	39.9	46.5
2008	11	11	50.0	37.0	43.5
2008	11	12	48.0	39.0	43.5
2008	11	13	50.0	37.9	44.0
2008	11	14	59.0	48.9	54.0
2008	11	15	70.0	55.0	62.5
2008	11	16	66.0	42.1	54.0
2008	11	17	48.0	36.0	42.0
2008	11	18	39.9	27.0	33.5
2008	11	19	33.1	23.0	28.1
2008	11	20	35.1	21.9	28.5
2008	11	21	35.1	23.0	29.1
2008	11	22	28.9	21.9	25.4
2008	11	23	33.1	21.9	27.5
2008	11	24	44.1	28.0	36.0
2008	11	25	51.1	39.0	45.0
2008	11	26	45.0	33.1	39.0
2008	11	27	45.0	34.0	39.5
2008	11	28	46.0	32.0	39.0
2008	11	29	45.0	34.0	39.5
2008	11	30	45.0	28.9	37.0
2008	12	1	60.1	44.1	52.1
2008	12	2	48.0	37.9	43.0
2008	12	3	46.0	34.0	40.0
2008	12	4	55.0	35.1	45.0
2008	12	5	42.1	30.9	36.5
2008	12	6	37.0	27.0	32.0
2008	12	7	37.0	25.0	31.0
2008	12	8	25.0	14.0	19.5
2008	12	9	55.9	17.1	36.5
2008	12	10	63.0	39.9	51.5
2008	12	11	39.9	36.0	38.0
2008	12	12	48.0	32.0	40.0
2008	12	13	32.0	23.0	27.5
2008	12	14	43.0	21.9	32.5
2008	12	15	63.0	43.0	53.0
2008	12	16	61.0	28.9	45.0
2008	12	17	42.1	28.0	35.0
2008	12	18	39.9	32.0	36.0
2008	12	19	34.0	15.1	24.6
2008	12	20	19.9	12.9	16.4
2008	12	21	36.0	19.0	27.5
2008	12	22	27.0	17.1	22.1
2008	12	23	28.0	15.1	21.6
2008	12	24	52.0	27.0	39.5
2008	12	25	55.0	30.9	43.0
2008	12	26	36.0	25.0	30.5
2008	12	27	48.9	36.0	42.5
2008	12	28	62.1	44.1	53.1
2008	12	29	44.1	33.1	38.6
2008	12	30	39.9	28.0	34.0
2008	12	31	28.0	9.0	18.5
2009	1	1	19.0	6.1	12.6
2009	1	2	34.0	14.0	24.0
2009	1	3	34.0	24.1	29.1
2009	1	4	37.9	21.9	29.9
2009	1	5	39.0	27.0	33.0
2009	1	6	35.1	26.1	30.6
2009	1	7	39.0	28.0	33.5
2009	1	8	39.9	25.0	32.5
2009	1	9	28.0	21.0	24.5
2009	1	10	26.1	17.1	21.6
2009	1	11	33.1	21.9	27.5
2009	1	12	28.9	19.0	23.9
2009	1	13	36.0	19.0	27.5
2009	1	14	37.0	14.0	25.5
2009	1	15	17.1	10.0	13.6
2009	1	16	18.0	6.1	12.1
2009	1	17	19.0	8.1	13.6
2009	1	18	32.0	19.0	25.5
2009	1	19	33.1	21.9	27.5
2009	1	20	32.0	21.0	26.5
2009	1	21	25.0	15.1	20.1
2009	1	22	33.1	17.1	25.1
2009	1	23	39.0	25.0	32.0
2009	1	24	39.9	15.1	27.5
2009	1	25	24.1	8.1	16.1
2009	1	26	24.1	15.1	19.6
2009	1	27	28.0	19.9	23.9
2009	1	28	37.0	23.0	30.0
2009	1	29	36.0	26.1	31.1
2009	1	30	36.0	19.0	27.5
2009	1	31	28.0	19.0	23.5
2009	2	1	45.0	19.0	32.0
2009	2	2	48.0	30.0	39.0
2009	2	3	35.1	24.1	29.6
2009	2	4	26.1	12.9	19.5
2009	2	5	19.9	8.1	14.0
2009	2	6	27.0	10.9	18.9
2009	2	7	42.1	16.0	29.1
2009	2	8	51.1	35.1	43.1
2009	2	9	39.0	25.0	32.0
2009	2	10	37.0	25.0	31.0
2009	2	11	57.9	33.1	45.5
2009	2	12	53.1	39.0	46.0
2009	2	13	42.1	28.9	35.5
2009	2	14	42.1	25.0	33.5
2009	2	15	41.0	27.0	34.0
2009	2	16	35.1	25.0	30.1
2009	2	17	37.0	24.1	30.6
2009	2	18	42.1	24.1	33.1
2009	2	19	48.0	28.0	38.0
2009	2	20	30.0	23.0	26.5
2009	2	21	39.0	27.0	33.0
2009	2	22	42.1	28.9	35.5
2009	2	23	34.0	23.0	28.5
2009	2	24	37.0	19.9	28.4
2009	2	25	36.0	21.9	28.9
2009	2	26	48.0	28.0	38.0
2009	2	27	60.1	34.0	47.0
2009	2	28	52.0	30.0	41.0
2009	3	1	30.0	21.9	25.9
2009	3	2	25.0	19.0	22.0
2009	3	3	26.1	15.1	20.6
2009	3	4	32.0	14.0	23.0
2009	3	5	39.0	21.0	30.0
2009	3	6	50.0	33.1	41.5
2009	3	7	61.0	43.0	52.0
2009	3	8	59.0	41.0	50.0
2009	3	9	41.0	32.0	36.5
2009	3	10	41.0	30.9	36.0
2009	3	11	53.1	36.0	44.5
2009	3	12	42.1	28.9	35.5
2009	3	13	33.1	23.0	28.1
2009	3	14	52.0	28.0	40.0
2009	3	15	52.0	34.0	43.0
2009	3	16	39.0	32.0	35.5
2009	3	17	42.1	30.0	36.0
2009	3	18	61.0	34.0	47.5
2009	3	19	48.9	39.9	44.4
2009	3	20	39.9	30.0	35.0
2009	3	21	39.0	27.0	33.0
2009	3	22	52.0	30.9	41.5
2009	3	23	34.0	23.0	28.5
2009	3	24	46.0	23.0	34.5
2009	3	25	46.0	33.1	39.5
2009	3	26	53.1	30.9	42.0
2009	3	27	48.9	37.9	43.4
2009	3	28	46.9	39.0	43.0
2009	3	29	45.0	39.0	42.0
2009	3	30	46.0	41.0	43.5
2009	3	31	48.9	37.0	43.0
2009	4	1	45.0	37.0	41.0
2009	4	2	51.1	39.9	45.5
2009	4	3	55.9	41.0	48.5
2009	4	4	53.1	41.0	47.0
2009	4	5	59.0	41.0	50.0
2009	4	6	51.1	39.0	45.0
2009	4	7	53.1	37.0	45.0
2009	4	8	46.9	35.1	41.0
2009	4	9	61.0	37.0	49.0
2009	4	10	66.0	39.9	53.0
2009	4	11	46.0	37.9	42.0
2009	4	12	44.1	34.0	39.0
2009	4	13	54.0	34.0	44.0
2009	4	14	52.0	39.0	45.5
2009	4	15	50.0	37.9	44.0
2009	4	16	48.9	35.1	42.0
2009	4	17	70.0	41.0	55.5
2009	4	18	64.9	46.0	55.5
2009	4	19	51.1	41.0	46.0
2009	4	20	48.0	37.9	43.0
2009	4	21	57.9	43.0	50.5
2009	4	22	62.1	46.9	54.5
2009	4	23	57.0	45.0	51.0
2009	4	24	70.0	46.0	58.0
2009	4	25	82.9	50.0	66.5
2009	4	26	87.1	52.0	69.5
2009	4	27	64.0	50.0	57.0
2009	4	28	93.0	59.0	76.0
2009	4	29	59.0	48.0	53.5
2009	4	30	70.0	46.0	58.0
2009	5	1	68.0	55.0	61.5
2009	5	2	70.0	57.9	64.0
2009	5	3	62.1	50.0	56.0
2009	5	4	64.0	52.0	58.0
2009	5	5	54.0	46.9	50.5
2009	5	6	61.0	45.0	53.0
2009	5	7	71.1	48.0	59.5
2009	5	8	75.9	55.9	65.9
2009	5	9	72.0	55.9	64.0
2009	5	10	68.0	52.0	60.0
2009	5	11	59.0	46.9	53.0
2009	5	12	59.0	46.9	53.0
2009	5	13	69.1	48.9	59.0
2009	5	14	64.0	48.9	56.5
2009	5	15	70.0	57.0	63.5
2009	5	16	66.0	52.0	59.0
2009	5	17	64.9	53.1	59.0
2009	5	18	53.1	46.0	49.5
2009	5	19	64.9	46.0	55.5
2009	5	20	80.1	52.0	66.0
2009	5	21	91.9	59.0	75.5
2009	5	22	89.1	59.0	74.0
2009	5	23	69.1	51.1	60.1
2009	5	24	81.0	51.1	66.0
2009	5	25	78.1	55.0	66.5
2009	5	26	55.0	48.9	52.0
2009	5	27	52.0	46.0	49.0
2009	5	28	51.1	48.0	49.5
2009	5	29	59.0	50.0	54.5
2009	5	30	78.1	55.0	66.5
2009	5	31	80.1	51.1	65.6
2009	6	1	71.1	48.0	59.5
2009	6	2	79.0	55.9	67.5
2009	6	3	71.1	57.9	64.5
2009	6	4	71.1	57.9	64.5
2009	6	5	64.0	54.0	59.0
2009	6	6	68.0	54.0	61.0
2009	6	7	82.9	60.1	71.5
2009	6	8	66.9	61.0	64.0
2009	6	9	62.1	53.1	57.6
2009	6	10	60.1	54.0	57.0
2009	6	11	57.9	55.0	56.5
2009	6	12	73.9	54.0	64.0
2009	6	13	69.1	61.0	65.0
2009	6	14	63.0	57.0	60.0
2009	6	15	62.1	55.9	59.0
2009	6	16	62.1	54.0	58.0
2009	6	17	75.0	53.1	64.0
2009	6	18	68.0	55.9	62.0
2009	6	19	72.0	62.1	67.0
2009	6	20	75.0	61.0	68.0
2009	6	21	64.0	60.1	62.0
2009	6	22	64.0	61.0	62.5
2009	6	23	66.9	57.9	62.4
2009	6	24	64.0	55.9	60.0
2009	6	25	73.9	60.1	67.0
2009	6	26	84.0	66.0	75.0
2009	6	27	77.0	59.0	68.0
2009	6	28	68.0	59.0	63.5
2009	6	29	75.0	61.0	68.0
2009	6	30	64.9	59.0	62.0
2009	7	1	63.0	57.9	60.5
2009	7	2	64.9	57.9	61.4
2009	7	3	75.0	59.0	67.0
2009	7	4	80.1	64.9	72.5
2009	7	5	81.0	61.0	71.0
2009	7	6	75.0	61.0	68.0
2009	7	7	66.0	61.0	63.5
2009	7	8	66.0	59.0	62.5
2009	7	9	64.9	57.9	61.4
2009	7	10	73.0	57.9	65.5
2009	7	11	79.0	59.0	69.0
2009	7	12	82.0	63.0	72.5
2009	7	13	78.1	62.1	70.1
2009	7	14	75.9	60.1	68.0
2009	7	15	82.0	62.1	72.0
2009	7	16	81.0	64.9	73.0
2009	7	17	84.9	68.0	76.5
2009	7	18	84.9	66.9	75.9
2009	7	19	82.9	69.1	76.0
2009	7	20	75.9	64.0	70.0
2009	7	21	66.9	63.0	65.0
2009	7	22	78.1	63.0	70.5
2009	7	23	72.0	62.1	67.0
2009	7	24	73.0	62.1	67.5
2009	7	25	84.9	63.0	74.0
2009	7	26	86.0	70.0	78.0
2009	7	27	87.1	72.0	79.5
2009	7	28	86.0	70.0	78.0
2009	7	29	82.9	71.1	77.0
2009	7	30	86.0	73.0	79.5
2009	7	31	81.0	66.9	74.0
2009	8	1	79.0	68.0	73.5
2009	8	2	78.1	66.0	72.0
2009	8	3	82.0	68.0	75.0
2009	8	4	82.9	68.0	75.5
2009	8	5	89.1	72.0	80.5
2009	8	6	77.0	66.0	71.5
2009	8	7	82.0	64.9	73.5
2009	8	8	73.9	62.1	68.0
2009	8	9	75.9	59.0	67.5
2009	8	10	89.1	69.1	79.1
2009	8	11	84.9	66.0	75.5
2009	8	12	70.0	66.0	68.0
2009	8	13	70.0	63.0	66.5
2009	8	14	80.1	60.1	70.1
2009	8	15	87.1	66.0	76.5
2009	8	16	87.1	71.1	79.1
2009	8	17	93.9	72.0	83.0
2009	8	18	95.0	72.0	83.5
2009	8	19	91.0	73.9	82.5
2009	8	20	80.1	71.1	75.6
2009	8	21	90.0	72.0	81.0
2009	8	22	87.1	72.0	79.5
2009	8	23	87.1	73.0	80.0
2009	8	24	78.1	68.0	73.0
2009	8	25	77.0	68.0	72.5
2009	8	26	86.0	69.1	77.5
2009	8	27	73.9	61.0	67.5
2009	8	28	70.0	59.0	64.5
2009	8	29	66.0	55.9	61.0
2009	8	30	72.0	55.9	64.0
2009	8	31	71.1	60.1	65.6
2009	9	1	69.1	55.0	62.0
2009	9	2	73.0	57.0	65.0
2009	9	3	75.0	57.9	66.5
2009	9	4	73.9	59.0	66.5
2009	9	5	75.9	64.0	70.0
2009	9	6	64.9	57.0	61.0
2009	9	7	66.9	54.0	60.5
2009	9	8	73.0	60.1	66.5
2009	9	9	70.0	57.0	63.5
2009	9	10	66.0	55.0	60.5
2009	9	11	64.0	55.9	60.0
2009	9	12	64.9	61.0	63.0
2009	9	13	80.1	61.0	70.5
2009	9	14	75.9	60.1	68.0
2009	9	15	77.0	61.0	69.0
2009	9	16	63.0	57.0	60.0
2009	9	17	61.0	53.1	57.0
2009	9	18	73.9	51.1	62.5
2009	9	19	66.9	50.0	58.5
2009	9	20	73.0	48.9	61.0
2009	9	21	70.0	51.1	60.5
2009	9	22	75.9	55.9	65.9
2009	9	23	81.0	64.9	73.0
2009	9	24	80.1	60.1	70.1
2009	9	25	66.0	51.1	58.5
2009	9	26	60.1	46.0	53.0
2009	9	27	66.9	53.1	60.0
2009	9	28	75.0	57.9	66.5
2009	9	29	69.1	57.0	63.0
2009	9	30	61.0	48.0	54.5
2009	10	1	57.0	45.0	51.0
2009	10	2	61.0	45.0	53.0
2009	10	3	63.0	54.0	58.5
2009	10	4	69.1	54.0	61.5
2009	10	5	66.9	54.0	60.5
2009	10	6	66.9	50.0	58.5
2009	10	7	69.1	54.0	61.5
2009	10	8	63.0	50.0	56.5
2009	10	9	61.0	50.0	55.5
2009	10	10	64.9	46.9	55.9
2009	10	11	61.0	41.0	51.0
2009	10	12	54.0	42.1	48.0
2009	10	13	53.1	39.9	46.5
2009	10	14	52.0	37.9	45.0
2009	10	15	43.0	36.0	39.5
2009	10	16	45.0	36.0	40.5
2009	10	17	48.9	36.0	42.5
2009	10	18	48.9	34.0	41.5
2009	10	19	54.0	37.0	45.5
2009	10	20	64.9	37.0	51.0
2009	10	21	68.0	52.0	60.0
2009	10	22	66.9	48.9	57.9
2009	10	23	57.0	39.9	48.5
2009	10	24	69.1	46.0	57.5
2009	10	25	64.9	48.9	56.9
2009	10	26	57.0	45.0	51.0
2009	10	27	52.0	43.0	47.5
2009	10	28	51.1	46.9	49.0
2009	10	29	48.9	42.1	45.5
2009	10	30	55.0	46.0	50.5
2009	10	31	73.0	46.0	59.5
2009	11	1	60.1	45.0	52.5
2009	11	2	52.0	42.1	47.0
2009	11	3	57.9	39.9	48.9
2009	11	4	51.1	41.0	46.0
2009	11	5	46.9	37.9	42.4
2009	11	6	50.0	36.0	43.0
2009	11	7	50.0	35.1	42.5
2009	11	8	68.0	44.1	56.0
2009	11	9	69.1	39.9	54.5
2009	11	10	64.9	53.1	59.0
2009	11	11	53.1	44.1	48.6
2009	11	12	52.0	42.1	47.0
2009	11	13	52.0	46.0	49.0
2009	11	14	55.0	52.0	53.5
2009	11	15	64.0	54.0	59.0
2009	11	16	59.0	45.0	52.0
2009	11	17	48.9	39.9	44.4
2009	11	18	50.0	36.0	43.0
2009	11	19	54.0	36.0	45.0
2009	11	20	66.9	46.9	56.9
2009	11	21	57.9	44.1	51.0
2009	11	22	51.1	41.0	46.0
2009	11	23	48.9	45.0	47.0
2009	11	24	48.9	46.0	47.5
2009	11	25	50.0	46.0	48.0
2009	11	26	51.1	46.0	48.5
2009	11	27	46.9	42.1	44.5
2009	11	28	53.1	42.1	47.6
2009	11	29	54.0	39.9	47.0
2009	11	30	55.9	39.0	47.5
2009	12	1	43.0	33.1	38.0
2009	12	2	53.1	35.1	44.1
2009	12	3	69.1	50.0	59.5
2009	12	4	54.0	44.1	49.0
2009	12	5	45.0	33.1	39.0
2009	12	6	37.0	30.9	34.0
2009	12	7	39.0	28.0	33.5
2009	12	8	41.0	30.9	36.0
2009	12	9	48.0	32.0	40.0
2009	12	10	44.1	30.9	37.5
2009	12	11	30.9	24.1	27.5
2009	12	12	33.1	21.9	27.5
2009	12	13	46.9	25.0	36.0
2009	12	14	43.0	37.0	40.0
2009	12	15	48.0	37.9	43.0
2009	12	16	39.9	27.0	33.5
2009	12	17	28.0	10.9	19.4
2009	12	18	28.0	10.0	19.0
2009	12	19	33.1	17.1	25.1
2009	12	20	30.0	19.0	24.5
2009	12	21	32.0	19.9	25.9
2009	12	22	30.9	19.9	25.4
2009	12	23	25.0	16.0	20.5
2009	12	24	39.9	19.9	29.9
2009	12	25	37.0	27.0	32.0
2009	12	26	43.0	32.0	37.5
2009	12	27	54.0	36.0	45.0
2009	12	28	42.1	30.0	36.0
2009	12	29	30.9	12.0	21.4
2009	12	30	28.9	10.9	19.9
2009	12	31	32.0	24.1	28.1
2010	1	1	35.1	26.1	30.6
2010	1	2	30.0	21.0	25.5
2010	1	3	30.9	17.1	24.0
2010	1	4	35.1	26.1	30.6
2010	1	5	34.0	27.0	30.5
2010	1	6	34.0	24.1	29.1
2010	1	7	41.0	27.0	34.0
2010	1	8	28.9	21.0	24.9
2010	1	9	27.0	12.9	19.9
2010	1	10	28.0	10.9	19.4
2010	1	11	36.0	17.1	26.6
2010	1	12	34.0	16.0	25.0
2010	1	13	30.0	14.0	22.0
2010	1	14	33.1	21.0	27.1
2010	1	15	46.0	30.9	38.5
2010	1	16	48.0	32.0	40.0
2010	1	17	41.0	30.9	36.0
2010	1	18	34.0	30.9	32.5
2010	1	19	36.0	30.9	33.5
2010	1	20	37.0	30.9	34.0
2010	1	21	41.0	28.0	34.5
2010	1	22	37.0	25.0	31.0
2010	1	23	33.1	23.0	28.1
2010	1	24	41.0	25.0	33.0
2010	1	25	57.0	37.0	47.0
2010	1	26	52.0	35.1	43.5
2010	1	27	43.0	32.0	37.5
2010	1	28	37.0	19.9	28.4
2010	1	29	21.0	10.0	15.5
2010	1	30	21.9	6.1	14.0
2010	1	31	28.9	12.9	20.9
2010	2	1	35.1	21.9	28.5
2010	2	2	30.9	24.1	27.5
2010	2	3	33.1	25.0	29.1
2010	2	4	34.0	25.0	29.5
2010	2	5	35.1	21.9	28.5
2010	2	6	25.0	18.0	21.5
2010	2	7	34.0	14.0	24.0
2010	2	8	33.1	21.9	27.5
2010	2	9	41.0	23.0	32.0
2010	2	10	36.0	28.9	32.5
2010	2	11	39.9	28.9	34.4
2010	2	12	39.0	25.0	32.0
2010	2	13	37.9	23.0	30.4
2010	2	14	41.0	27.0	34.0
2010	2	15	39.9	30.0	35.0
2010	2	16	34.0	30.0	32.0
2010	2	17	37.0	28.0	32.5
2010	2	18	46.0	33.1	39.5
2010	2	19	43.0	30.9	37.0
2010	2	20	50.0	34.0	42.0
2010	2	21	42.1	32.0	37.0
2010	2	22	46.0	30.0	38.0
2010	2	23	39.9	33.1	36.5
2010	2	24	42.1	36.0	39.0
2010	2	25	45.0	37.0	41.0
2010	2	26	44.1	34.0	39.0
2010	2	27	39.9	30.9	35.4
2010	2	28	37.9	28.9	33.4
2010	3	1	48.0	34.0	41.0
2010	3	2	43.0	36.0	39.5
2010	3	3	37.9	34.0	36.0
2010	3	4	36.0	33.1	34.5
2010	3	5	42.1	30.9	36.5
2010	3	6	57.0	30.9	44.0
2010	3	7	57.0	37.0	47.0
2010	3	8	59.0	42.1	50.5
2010	3	9	53.1	37.0	45.0
2010	3	10	44.1	33.1	38.6
2010	3	11	45.0	35.1	40.0
2010	3	12	44.1	39.0	41.5
2010	3	13	41.0	39.0	40.0
2010	3	14	44.1	39.9	42.0
2010	3	15	44.1	37.9	41.0
2010	3	16	50.0	36.0	43.0
2010	3	17	64.9	35.1	50.0
2010	3	18	66.0	48.0	57.0
2010	3	19	61.0	43.0	52.0
2010	3	20	72.0	45.0	58.5
2010	3	21	54.0	41.0	47.5
2010	3	22	43.0	41.0	42.0
2010	3	23	46.0	42.1	44.0
2010	3	24	52.0	39.9	46.0
2010	3	25	64.9	39.0	52.0
2010	3	26	53.1	30.0	41.5
2010	3	27	34.0	25.0	29.5
2010	3	28	48.0	28.9	38.5
2010	3	29	54.0	45.0	49.5
2010	3	30	50.0	44.1	47.0
2010	3	31	46.9	43.0	45.0
2010	4	1	55.0	44.1	49.5
2010	4	2	55.0	41.0	48.0
2010	4	3	75.9	46.0	61.0
2010	4	4	77.0	50.0	63.5
2010	4	5	72.0	48.9	60.5
2010	4	6	66.9	46.9	56.9
2010	4	7	90.0	45.0	67.5
2010	4	8	60.1	46.0	53.0
2010	4	9	57.9	43.0	50.5
2010	4	10	57.9	41.0	49.5
2010	4	11	70.0	48.0	59.0
2010	4	12	61.0	44.1	52.5
2010	4	13	50.0	43.0	46.5
2010	4	14	66.0	39.9	53.0
2010	4	15	60.1	43.0	51.5
2010	4	16	44.1	37.0	40.5
2010	4	17	43.0	39.0	41.0
2010	4	18	51.1	39.9	45.5
2010	4	19	61.0	39.9	50.5
2010	4	20	69.1	48.0	58.5
2010	4	21	69.1	46.9	58.0
2010	4	22	68.0	48.0	58.0
2010	4	23	61.0	48.9	55.0
2010	4	24	63.0	48.0	55.5
2010	4	25	62.1	50.0	56.0
2010	4	26	53.1	46.9	50.0
2010	4	27	50.0	39.0	44.5
2010	4	28	46.9	35.1	41.0
2010	4	29	62.1	44.1	53.1
2010	4	30	75.9	46.0	61.0
2010	5	1	71.1	55.9	63.5
2010	5	2	87.1	55.0	71.0
2010	5	3	82.9	66.9	74.9
2010	5	4	82.0	59.0	70.5
2010	5	5	78.1	57.0	67.5
2010	5	6	78.1	57.0	67.5
2010	5	7	73.0	52.0	62.5
2010	5	8	61.0	48.9	55.0
2010	5	9	55.0	42.1	48.5
2010	5	10	59.0	39.9	49.5
2010	5	11	54.0	39.9	47.0
2010	5	12	53.1	46.9	50.0
2010	5	13	68.0	45.0	56.5
2010	5	14	68.0	51.1	59.5
2010	5	15	71.1	55.9	63.5
2010	5	16	73.9	54.0	64.0
2010	5	17	73.0	53.1	63.0
2010	5	18	62.1	48.0	55.0
2010	5	19	57.0	48.0	52.5
2010	5	20	84.0	53.1	68.5
2010	5	21	69.1	54.0	61.5
2010	5	22	73.9	53.1	63.5
2010	5	23	64.0	54.0	59.0
2010	5	24	81.0	55.9	68.5
2010	5	25	84.9	63.0	74.0
2010	5	26	93.9	57.9	75.9
2010	5	27	70.0	55.9	63.0
2010	5	28	69.1	57.0	63.0
2010	5	29	79.0	57.0	68.0
2010	5	30	82.0	64.9	73.5
2010	5	31	73.9	60.1	67.0
2010	6	1	84.9	61.0	73.0
2010	6	2	73.0	60.1	66.5
2010	6	3	84.0	60.1	72.0
2010	6	4	75.9	59.0	67.5
2010	6	5	84.9	64.0	74.5
2010	6	6	82.0	57.9	70.0
2010	6	7	73.9	55.9	64.9
2010	6	8	72.0	57.0	64.5
2010	6	9	71.1	55.0	63.0
2010	6	10	59.0	53.1	56.0
2010	6	11	66.0	55.0	60.5
2010	6	12	70.0	59.0	64.5
2010	6	13	66.0	57.9	62.0
2010	6	14	72.0	57.9	65.0
2010	6	15	70.0	59.0	64.5
2010	6	16	78.1	57.9	68.0
2010	6	17	73.9	61.0	67.5
2010	6	18	88.0	63.0	75.5
2010	6	19	84.0	66.0	75.0
2010	6	20	90.0	66.9	78.5
2010	6	21	84.9	68.0	76.5
2010	6	22	75.9	66.0	71.0
2010	6	23	87.1	66.0	76.5
2010	6	24	93.9	68.0	81.0
2010	6	25	79.0	68.0	73.5
2010	6	26	86.0	68.0	77.0
2010	6	27	75.9	64.9	70.4
2010	6	28	93.9	64.9	79.4
2010	6	29	91.0	71.1	81.0
2010	6	30	78.1	63.0	70.5
2010	7	1	75.9	61.0	68.5
2010	7	2	75.9	60.1	68.0
2010	7	3	87.1	61.0	74.0
2010	7	4	95.0	73.0	84.0
2010	7	5	89.1	77.0	83.0
2010	7	6	100.0	75.0	87.5
2010	7	7	82.9	73.0	78.0
2010	7	8	88.0	71.1	79.5
2010	7	9	91.0	73.0	82.0
2010	7	10	88.0	70.0	79.0
2010	7	11	82.9	69.1	76.0
2010	7	12	88.0	69.1	78.5
2010	7	13	86.0	72.0	79.0
2010	7	14	79.0	66.9	73.0
2010	7	15	75.0	64.9	70.0
2010	7	16	91.0	66.0	78.5
2010	7	17	93.0	73.9	83.5
2010	7	18	91.0	75.9	83.5
2010	7	19	87.1	68.0	77.5
2010	7	20	80.1	69.1	74.6
2010	7	21	88.0	68.0	78.0
2010	7	22	86.0	68.0	77.0
2010	7	23	82.0	64.9	73.5
2010	7	24	80.1	66.9	73.5
2010	7	25	90.0	70.0	80.0
2010	7	26	84.9	66.9	75.9
2010	7	27	91.9	68.0	80.0
2010	7	28	91.0	70.0	80.5
2010	7	29	90.0	70.0	80.0
2010	7	30	77.0	64.9	71.0
2010	7	31	72.0	61.0	66.5
2010	8	1	77.0	61.0	69.0
2010	8	2	80.1	64.9	72.5
2010	8	3	87.1	68.0	77.5
2010	8	4	91.9	73.9	82.9
2010	8	5	90.0	75.0	82.5
2010	8	6	87.1	66.0	76.5
2010	8	7	81.0	62.1	71.5
2010	8	8	87.1	63.0	75.0
2010	8	9	93.0	72.0	82.5
2010	8	10	84.0	64.9	74.5
2010	8	11	75.9	64.9	70.4
2010	8	12	75.0	63.0	69.0
2010	8	13	73.0	63.0	68.0
2010	8	14	77.0	60.1	68.5
2010	8	15	82.0	61.0	71.5
2010	8	16	80.1	64.0	72.0
2010	8	17	91.9	73.0	82.5
2010	8	18	81.0	68.0	74.5
2010	8	19	82.0	64.9	73.5
2010	8	20	86.0	66.9	76.5
2010	8	21	73.0	62.1	67.5
2010	8	22	70.0	64.9	67.5
2010	8	23	64.9	62.1	63.5
2010	8	24	63.0	61.0	62.0
2010	8	25	64.9	61.0	63.0
2010	8	26	82.9	64.0	73.5
2010	8	27	79.0	61.0	70.0
2010	8	28	82.0	61.0	71.5
2010	8	29	93.9	66.0	80.0
2010	8	30	91.9	71.1	81.5
2010	8	31	96.1	75.0	85.5
2010	9	1	93.9	77.0	85.5
2010	9	2	95.0	73.0	84.0
2010	9	3	82.0	70.0	76.0
2010	9	4	82.9	66.0	74.5
2010	9	5	75.0	59.0	67.0
2010	9	6	77.0	57.9	67.5
2010	9	7	86.0	64.9	75.5
2010	9	8	84.0	64.0	74.0
2010	9	9	73.9	61.0	67.5
2010	9	10	70.0	61.0	65.5
2010	9	11	69.1	57.9	63.5
2010	9	12	64.9	55.9	60.4
2010	9	13	66.9	57.9	62.4
2010	9	14	75.0	55.9	65.5
2010	9	15	70.0	55.9	63.0
2010	9	16	71.1	53.1	62.1
2010	9	17	71.1	55.9	63.5
2010	9	18	64.9	55.0	60.0
2010	9	19	73.0	55.9	64.5
2010	9	20	72.0	55.9	64.0
2010	9	21	72.0	51.1	61.5
2010	9	22	87.1	62.1	74.6
2010	9	23	75.9	61.0	68.5
2010	9	24	84.0	60.1	72.0
2010	9	25	88.0	66.9	77.5
2010	9	26	69.1	57.9	63.5
2010	9	27	61.0	57.9	59.5
2010	9	28	78.1	60.1	69.1
2010	9	29	82.9	66.9	74.9
2010	9	30	81.0	64.0	72.5
2010	10	1	84.0	57.9	71.0
2010	10	2	66.9	51.1	59.0
2010	10	3	59.0	46.9	53.0
2010	10	4	59.0	52.0	55.5
2010	10	5	57.9	54.0	56.0
2010	10	6	59.0	52.0	55.5
2010	10	7	66.0	50.0	58.0
2010	10	8	73.0	52.0	62.5
2010	10	9	64.0	48.0	56.0
2010	10	10	66.0	46.0	56.0
2010	10	11	69.1	54.0	61.5
2010	10	12	62.1	48.9	55.5
2010	10	13	60.1	45.0	52.5
2010	10	14	60.1	46.0	53.0
2010	10	15	57.9	44.1	51.0
2010	10	16	57.9	44.1	51.0
2010	10	17	66.0	46.0	56.0
2010	10	18	60.1	48.0	54.0
2010	10	19	59.0	43.0	51.0
2010	10	20	62.1	45.0	53.5
2010	10	21	60.1	45.0	52.5
2010	10	22	51.1	41.0	46.0
2010	10	23	59.0	39.9	49.5
2010	10	24	52.0	43.0	47.5
2010	10	25	64.9	50.0	57.5
2010	10	26	73.0	61.0	67.0
2010	10	27	72.0	64.0	68.0
2010	10	28	78.1	55.9	67.0
2010	10	29	57.9	44.1	51.0
2010	10	30	57.0	39.9	48.5
2010	10	31	57.9	37.0	47.5
2010	11	1	51.1	35.1	43.1
2010	11	2	48.9	37.0	43.0
2010	11	3	51.1	32.0	41.5
2010	11	4	52.0	39.0	45.5
2010	11	5	62.1	46.9	54.5
2010	11	6	50.0	42.1	46.0
2010	11	7	45.0	37.0	41.0
2010	11	8	50.0	36.0	43.0
2010	11	9	53.1	46.0	49.5
2010	11	10	48.0	42.1	45.0
2010	11	11	50.0	39.0	44.5
2010	11	12	55.9	39.0	47.5
2010	11	13	61.0	41.0	51.0
2010	11	14	52.0	41.0	46.5
2010	11	15	52.0	46.9	49.5
2010	11	16	53.1	48.9	51.0
2010	11	17	64.0	48.9	56.5
2010	11	18	54.0	41.0	47.5
2010	11	19	45.0	35.1	40.0
2010	11	20	54.0	34.0	44.0
2010	11	21	39.0	32.0	35.5
2010	11	22	55.9	37.0	46.5
2010	11	23	62.1	51.1	56.6
2010	11	24	51.1	34.0	42.5
2010	11	25	41.0	30.9	36.0
2010	11	26	46.9	34.0	40.5
2010	11	27	43.0	32.0	37.5
2010	11	28	45.0	28.0	36.5
2010	11	29	46.0	35.1	40.5
2010	11	30	48.9	34.0	41.5
2010	12	1	55.9	46.0	51.0
2010	12	2	51.1	36.0	43.5
2010	12	3	41.0	34.0	37.5
2010	12	4	43.0	32.0	37.5
2010	12	5	36.0	28.9	32.5
2010	12	6	35.1	27.0	31.1
2010	12	7	37.0	28.0	32.5
2010	12	8	34.0	25.0	29.5
2010	12	9	28.9	19.0	23.9
2010	12	10	28.0	14.0	21.0
2010	12	11	45.0	28.0	36.5
2010	12	12	53.1	30.0	41.5
2010	12	13	57.0	37.0	47.0
2010	12	14	37.0	21.0	29.0
2010	12	15	23.0	18.0	20.5
2010	12	16	34.0	19.9	26.9
2010	12	17	36.0	21.0	28.5
2010	12	18	37.9	24.1	31.0
2010	12	19	37.0	25.0	31.0
2010	12	20	33.1	26.1	29.6
2010	12	21	41.0	27.0	34.0
2010	12	22	39.0	32.0	35.5
2010	12	23	39.9	30.9	35.4
2010	12	24	37.9	27.0	32.5
2010	12	25	30.9	23.0	26.9
2010	12	26	32.0	23.0	27.5
2010	12	27	30.0	19.0	24.5
2010	12	28	35.1	18.0	26.6
2010	12	29	37.9	28.9	33.4
2010	12	30	43.0	28.9	36.0
2010	12	31	50.0	28.0	39.0
2011	1	1	55.9	35.1	45.5
2011	1	2	51.1	37.9	44.5
2011	1	3	37.9	28.9	33.4
2011	1	4	39.0	25.0	32.0
2011	1	5	39.0	28.0	33.5
2011	1	6	32.0	21.9	26.9
2011	1	7	35.1	23.0	29.1
2011	1	8	33.1	27.0	30.1
2011	1	9	35.1	25.0	30.1
2011	1	10	35.1	23.0	29.1
2011	1	11	30.9	21.0	25.9
2011	1	12	35.1	28.0	31.6
2011	1	13	30.9	21.0	25.9
2011	1	14	25.0	18.0	21.5
2011	1	15	33.1	15.1	24.1
2011	1	16	35.1	21.0	28.1
2011	1	17	21.0	14.0	17.5
2011	1	18	39.9	18.0	28.9
2011	1	19	39.0	32.0	35.5
2011	1	20	32.0	26.1	29.1
2011	1	21	30.0	21.9	25.9
2011	1	22	26.1	17.1	21.6
2011	1	23	24.1	5.0	14.6
2011	1	24	12.9	-2.0	5.5
2011	1	25	32.0	12.0	22.0
2011	1	26	34.0	15.1	24.6
2011	1	27	35.1	24.1	29.6
2011	1	28	33.1	18.0	25.6
2011	1	29	37.0	26.1	31.6
2011	1	30	36.0	26.1	31.1
2011	1	31	26.1	16.0	21.1
2011	2	1	21.9	16.0	18.9
2011	2	2	36.0	19.9	27.9
2011	2	3	28.0	19.0	23.5
2011	2	4	33.1	16.0	24.6
2011	2	5	39.9	21.9	30.9
2011	2	6	42.1	35.1	38.6
2011	2	7	42.1	28.9	35.5
2011	2	8	39.0	17.1	28.1
2011	2	9	30.9	12.9	21.9
2011	2	10	28.0	19.0	23.5
2011	2	11	28.9	12.9	20.9
2011	2	12	39.0	21.0	30.0
2011	2	13	37.0	23.0	30.0
2011	2	14	52.0	35.1	43.5
2011	2	15	35.1	21.0	28.1
2011	2	16	41.0	19.0	30.0
2011	2	17	60.1	36.0	48.0
2011	2	18	60.1	37.0	48.5
2011	2	19	48.9	17.1	33.0
2011	2	20	36.0	17.1	26.6
2011	2	21	30.0	14.0	22.0
2011	2	22	37.9	12.9	25.4
2011	2	23	41.0	21.9	31.4
2011	2	24	44.1	24.1	34.1
2011	2	25	39.0	30.0	34.5
2011	2	26	37.0	28.0	32.5
2011	2	27	32.0	21.9	26.9
2011	2	28	46.0	25.0	35.5
2011	3	1	39.9	28.9	34.4
2011	3	2	48.0	23.0	35.5
2011	3	3	28.9	12.0	20.4
2011	3	4	37.9	19.0	28.4
2011	3	5	55.0	28.9	42.0
2011	3	6	61.0	46.0	53.5
2011	3	7	57.0	28.9	43.0
2011	3	8	39.0	25.0	32.0
2011	3	9	37.0	28.9	33.0
2011	3	10	39.9	36.0	38.0
2011	3	11	51.1	39.9	45.5
2011	3	12	52.0	37.0	44.5
2011	3	13	48.9	37.0	43.0
2011	3	14	42.1	32.0	37.0
2011	3	15	43.0	28.9	36.0
2011	3	16	44.1	34.0	39.0
2011	3	17	63.0	37.0	50.0
2011	3	18	70.0	46.0	58.0
2011	3	19	48.0	35.1	41.5
2011	3	20	39.9	30.0	35.0
2011	3	21	41.0	34.0	37.5
2011	3	22	44.1	35.1	39.6
2011	3	23	39.9	32.0	36.0
2011	3	24	39.0	30.9	35.0
2011	3	25	45.0	30.0	37.5
2011	3	26	41.0	26.1	33.5
2011	3	27	45.0	27.0	36.0
2011	3	28	48.0	28.0	38.0
2011	3	29	48.9	32.0	40.5
2011	3	30	55.0	34.0	44.5
2011	3	31	44.1	33.1	38.6
2011	4	1	39.9	33.1	36.5
2011	4	2	53.1	37.0	45.0
2011	4	3	55.0	39.9	47.5
2011	4	4	50.0	37.0	43.5
2011	4	5	64.0	39.0	51.5
2011	4	6	54.0	36.0	45.0
2011	4	7	46.0	34.0	40.0
2011	4	8	48.0	36.0	42.0
2011	4	9	61.0	35.1	48.0
2011	4	10	64.9	39.9	52.4
2011	4	11	72.0	46.9	59.5
2011	4	12	66.0	46.9	56.5
2011	4	13	48.9	43.0	46.0
2011	4	14	64.9	43.0	54.0
2011	4	15	46.9	37.0	42.0
2011	4	16	46.0	36.0	41.0
2011	4	17	63.0	46.0	54.5
2011	4	18	61.0	44.1	52.5
2011	4	19	52.0	42.1	47.0
2011	4	20	46.0	42.1	44.0
2011	4	21	55.9	41.0	48.5
2011	4	22	50.0	37.9	44.0
2011	4	23	55.0	39.0	47.0
2011	4	24	75.0	54.0	64.5
2011	4	25	57.0	46.0	51.5
2011	4	26	54.0	46.0	50.0
2011	4	27	78.1	46.9	62.5
2011	4	28	70.0	62.1	66.0
2011	4	29	75.0	57.9	66.5
2011	4	30	61.0	48.0	54.5
2011	5	1	55.0	46.0	50.5
2011	5	2	62.1	44.1	53.1
2011	5	3	72.0	54.0	63.0
2011	5	4	66.9	48.0	57.5
2011	5	5	60.1	46.9	53.5
2011	5	6	72.0	46.0	59.0
2011	5	7	70.0	51.1	60.5
2011	5	8	57.0	48.9	53.0
2011	5	9	68.0	52.0	60.0
2011	5	10	57.0	50.0	53.5
2011	5	11	64.9	48.9	56.9
2011	5	12	60.1	51.1	55.6
2011	5	13	59.0	46.0	52.5
2011	5	14	59.0	45.0	52.0
2011	5	15	57.0	50.0	53.5
2011	5	16	50.0	48.0	49.0
2011	5	17	51.1	48.0	49.5
2011	5	18	53.1	50.0	51.5
2011	5	19	61.0	51.1	56.0
2011	5	20	64.9	51.1	58.0
2011	5	21	62.1	48.9	55.5
2011	5	22	53.1	48.0	50.5
2011	5	23	64.9	51.1	58.0
2011	5	24	82.0	64.0	73.0
2011	5	25	73.9	61.0	67.5
2011	5	26	81.0	57.0	69.0
2011	5	27	87.1	64.9	76.0
2011	5	28	75.0	60.1	67.5
2011	5	29	84.9	66.9	75.9
2011	5	30	87.1	64.0	75.5
2011	5	31	73.9	64.0	69.0
2011	6	1	82.0	64.0	73.0
2011	6	2	75.0	57.9	66.5
2011	6	3	71.1	55.0	63.0
2011	6	4	64.0	51.1	57.5
2011	6	5	63.0	48.9	56.0
2011	6	6	70.0	55.0	62.5
2011	6	7	82.0	60.1	71.0
2011	6	8	84.0	62.1	73.0
2011	6	9	91.9	70.0	81.0
2011	6	10	75.9	61.0	68.5
2011	6	11	64.9	55.0	60.0
2011	6	12	57.9	53.1	55.5
2011	6	13	64.0	54.0	59.0
2011	6	14	60.1	55.0	57.5
2011	6	15	69.1	57.0	63.0
2011	6	16	89.1	61.0	75.0
2011	6	17	75.0	64.9	70.0
2011	6	18	82.9	64.0	73.5
2011	6	19	80.1	66.9	73.5
2011	6	20	82.9	62.1	72.5
2011	6	21	75.9	64.9	70.4
2011	6	22	71.1	64.0	67.5
2011	6	23	64.9	59.0	62.0
2011	6	24	61.0	55.9	58.5
2011	6	25	63.0	54.0	58.5
2011	6	26	75.9	61.0	68.5
2011	6	27	78.1	66.0	72.0
2011	6	28	81.0	66.0	73.5
2011	6	29	84.9	68.0	76.5
2011	6	30	82.0	64.9	73.5
2011	7	1	78.1	66.0	72.0
2011	7	2	75.9	66.0	71.0
2011	7	3	82.0	66.9	74.5
2011	7	4	90.0	70.0	80.0
2011	7	5	88.0	68.0	78.0
2011	7	6	91.9	71.1	81.5
2011	7	7	88.0	70.0	79.0
2011	7	8	75.0	68.0	71.5
2011	7	9	86.0	66.9	76.5
2011	7	10	86.0	66.0	76.0
2011	7	11	93.0	68.0	80.5
2011	7	12	95.0	77.0	86.0
2011	7	13	87.1	66.0	76.5
2011	7	14	73.0	63.0	68.0
2011	7	15	79.0	64.9	72.0
2011	7	16	84.9	64.9	74.9
2011	7	17	93.0	71.1	82.0
2011	7	18	86.0	75.0	80.5
2011	7	19	89.1	70.0	79.5
2011	7	20	91.0	70.0	80.5
2011	7	21	97.0	73.0	85.0
2011	7	22	102.9	81.0	92.0
2011	7	23	91.9	72.0	82.0
2011	7	24	84.0	66.9	75.5
2011	7	25	73.9	63.0	68.5
2011	7	26	78.1	64.9	71.5
2011	7	27	84.0	68.0	76.0
2011	7	28	75.0	68.0	71.5
2011	7	29	79.0	66.0	72.5
2011	7	30	89.1	73.0	81.0
2011	7	31	91.0	70.0	80.5
2011	8	1	93.0	72.0	82.5
2011	8	2	91.9	66.0	79.0
2011	8	3	73.9	64.9	69.4
2011	8	4	75.9	66.9	71.4
2011	8	5	75.0	66.9	71.0
2011	8	6	88.0	70.0	79.0
2011	8	7	77.0	71.1	74.0
2011	8	8	80.1	70.0	75.0
2011	8	9	75.9	66.9	71.4
2011	8	10	78.1	66.0	72.0
2011	8	11	82.0	64.0	73.0
2011	8	12	82.9	64.9	73.9
2011	8	13	82.0	66.0	74.0
2011	8	14	77.0	68.0	72.5
2011	8	15	69.1	63.0	66.0
2011	8	16	73.9	62.1	68.0
2011	8	17	84.0	64.9	74.5
2011	8	18	88.0	68.0	78.0
2011	8	19	88.0	72.0	80.0
2011	8	20	84.0	72.0	78.0
2011	8	21	86.0	69.1	77.5
2011	8	22	80.1	68.0	74.0
2011	8	23	79.0	63.0	71.0
2011	8	24	81.0	64.0	72.5
2011	8	25	87.1	68.0	77.5
2011	8	26	84.0	70.0	77.0
2011	8	27	79.0	70.0	74.5
2011	8	28	75.9	66.9	71.4
2011	8	29	80.1	62.1	71.1
2011	8	30	77.0	62.1	69.5
2011	8	31	81.0	63.0	72.0
2011	9	1	71.1	62.1	66.6
2011	9	2	68.0	60.1	64.0
2011	9	3	86.0	60.1	73.0
2011	9	4	84.9	68.0	76.5
2011	9	5	87.1	69.1	78.1
2011	9	6	73.9	60.1	67.0
2011	9	7	63.0	60.1	61.5
2011	9	8	64.0	57.9	61.0
2011	9	9	81.0	57.9	69.5
2011	9	10	71.1	59.0	65.0
2011	9	11	70.0	55.9	63.0
2011	9	12	82.0	62.1	72.0
2011	9	13	84.9	64.0	74.5
2011	9	14	86.0	68.0	77.0
2011	9	15	82.9	55.0	69.0
2011	9	16	64.9	50.0	57.5
2011	9	17	62.1	48.0	55.0
2011	9	18	66.0	51.1	58.5
2011	9	19	64.9	51.1	58.0
2011	9	20	66.9	55.0	61.0
2011	9	21	75.0	59.0	67.0
2011	9	22	73.0	64.9	69.0
2011	9	23	73.0	64.9	69.0
2011	9	24	80.1	64.9	72.5
2011	9	25	78.1	68.0	73.0
2011	9	26	75.9	66.0	71.0
2011	9	27	73.0	64.0	68.5
2011	9	28	70.0	63.0	66.5
2011	9	29	72.0	62.1	67.0
2011	9	30	77.0	57.9	67.5
2011	10	1	71.1	57.0	64.0
2011	10	2	64.9	57.9	61.4
2011	10	3	68.0	55.9	62.0
2011	10	4	68.0	55.9	62.0
2011	10	5	69.1	51.1	60.1
2011	10	6	66.0	48.0	57.0
2011	10	7	62.1	46.0	54.0
2011	10	8	82.0	55.0	68.5
2011	10	9	87.1	64.9	76.0
2011	10	10	84.9	64.0	74.5
2011	10	11	66.0	57.9	62.0
2011	10	12	62.1	57.0	59.5
2011	10	13	63.0	59.0	61.0
2011	10	14	66.9	59.0	63.0
2011	10	15	68.0	55.9	62.0
2011	10	16	66.0	54.0	60.0
2011	10	17	66.0	55.9	61.0
2011	10	18	68.0	55.0	61.5
2011	10	19	59.0	54.0	56.5
2011	10	20	69.1	54.0	61.5
2011	10	21	64.0	53.1	58.5
2011	10	22	63.0	50.0	56.5
2011	10	23	57.9	46.0	52.0
2011	10	24	63.0	43.0	53.0
2011	10	25	62.1	50.0	56.0
2011	10	26	50.0	48.0	49.0
2011	10	27	48.9	34.0	41.5
2011	10	28	48.9	35.1	42.0
2011	10	29	48.9	34.0	41.5
2011	10	30	48.0	34.0	41.0
2011	10	31	52.0	37.9	45.0
2011	11	1	54.0	39.9	47.0
2011	11	2	54.0	39.0	46.5
2011	11	3	63.0	42.1	52.5
2011	11	4	53.1	37.9	45.5
2011	11	5	48.9	36.0	42.5
2011	11	6	59.0	36.0	47.5
2011	11	7	64.9	42.1	53.5
2011	11	8	69.1	51.1	60.1
2011	11	9	66.9	46.9	56.9
2011	11	10	60.1	52.0	56.0
2011	11	11	57.9	41.0	49.5
2011	11	12	53.1	37.0	45.0
2011	11	13	63.0	42.1	52.5
2011	11	14	68.0	54.0	61.0
2011	11	15	66.9	55.9	61.4
2011	11	16	59.0	51.1	55.0
2011	11	17	55.9	39.0	47.5
2011	11	18	45.0	36.0	40.5
2011	11	19	53.1	36.0	44.5
2011	11	20	66.0	48.9	57.5
2011	11	21	59.0	36.0	47.5
2011	11	22	46.0	34.0	40.0
2011	11	23	48.0	34.0	41.0
2011	11	24	46.0	30.9	38.5
2011	11	25	61.0	36.0	48.5
2011	11	26	63.0	45.0	54.0
2011	11	27	55.0	37.9	46.5
2011	11	28	66.9	53.1	60.0
2011	11	29	66.0	52.0	59.0
2011	11	30	64.0	44.1	54.0
2011	12	1	48.9	37.9	43.4
2011	12	2	50.0	35.1	42.5
2011	12	3	45.0	34.0	39.5
2011	12	4	53.1	35.1	44.1
2011	12	5	63.0	44.1	53.5
2011	12	6	61.0	48.9	55.0
2011	12	7	59.0	45.0	52.0
2011	12	8	46.0	37.0	41.5
2011	12	9	52.0	35.1	43.5
2011	12	10	46.9	30.9	38.9
2011	12	11	37.9	28.0	33.0
2011	12	12	48.9	30.9	39.9
2011	12	13	46.9	28.9	37.9
2011	12	14	43.0	37.0	40.0
2011	12	15	54.0	37.9	46.0
2011	12	16	54.0	41.0	47.5
2011	12	17	41.0	28.0	34.5
2011	12	18	28.0	19.9	23.9
2011	12	19	45.0	18.0	31.5
2011	12	20	45.0	32.0	38.5
2011	12	21	57.9	32.0	45.0
2011	12	22	57.0	45.0	51.0
2011	12	23	46.9	30.9	38.9
2011	12	24	30.9	21.9	26.4
2011	12	25	42.1	19.0	30.6
2011	12	26	43.0	30.0	36.5
2011	12	27	55.9	28.9	42.4
2011	12	28	57.0	28.0	42.5
2011	12	29	33.1	23.0	28.1
2011	12	30	44.1	27.0	35.5
2011	12	31	39.9	34.0	37.0
2012	1	1	52.0	39.0	45.5
2012	1	2	50.0	34.0	42.0
2012	1	3	35.1	14.0	24.6
2012	1	4	28.0	10.0	19.0
2012	1	5	39.0	25.0	32.0
2012	1	6	48.0	28.0	38.0
2012	1	7	60.1	30.0	45.0
2012	1	8	45.0	30.0	37.5
2012	1	9	39.9	25.0	32.5
2012	1	10	46.9	30.0	38.5
2012	1	11	37.9	30.0	34.0
2012	1	12	42.1	33.1	37.6
2012	1	13	54.0	30.9	42.5
2012	1	14	34.0	19.0	26.5
2012	1	15	19.0	6.1	12.6
2012	1	16	34.0	10.0	22.0
2012	1	17	48.0	33.1	40.5
2012	1	18	52.0	21.0	36.5
2012	1	19	33.1	17.1	25.1
2012	1	20	32.0	21.9	26.9
2012	1	21	23.0	16.0	19.5
2012	1	22	30.0	15.1	22.6
2012	1	23	46.9	28.0	37.5
2012	1	24	55.9	42.1	49.0
2012	1	25	43.0	36.0	39.5
2012	1	26	41.0	30.9	36.0
2012	1	27	46.0	37.0	41.5
2012	1	28	46.0	37.9	42.0
2012	1	29	43.0	34.0	38.5
2012	1	30	39.9	30.9	35.4
2012	1	31	46.9	30.0	38.5
2012	2	1	59.0	35.1	47.0
2012	2	2	45.0	30.9	38.0
2012	2	3	39.0	25.0	32.0
2012	2	4	43.0	28.0	35.5
2012	2	5	36.0	21.9	28.9
2012	2	6	50.0	28.0	39.0
2012	2	7	46.0	30.0	38.0
2012	2	8	37.9	21.9	29.9
2012	2	9	46.9	30.0	38.5
2012	2	10	50.0	30.0	40.0
2012	2	11	39.0	30.0	34.5
2012	2	12	30.0	16.0	23.0
2012	2	13	41.0	17.1	29.1
2012	2	14	44.1	28.0	36.0
2012	2	15	43.0	34.0	38.5
2012	2	16	45.0	35.1	40.0
2012	2	17	53.1	37.9	45.5
2012	2	18	46.9	34.0	40.5
2012	2	19	46.0	30.9	38.5
2012	2	20	41.0	28.0	34.5
2012	2	21	44.1	28.0	36.0
2012	2	22	57.0	36.0	46.5
2012	2	23	55.0	41.0	48.0
2012	2	24	42.1	36.0	39.0
2012	2	25	45.0	33.1	39.0
2012	2	26	41.0	27.0	34.0
2012	2	27	52.0	26.1	39.0
2012	2	28	48.0	34.0	41.0
2012	3	1	37.0	25.0	31.0
2012	3	2	35.1	23.0	29.1
2012	3	3	46.9	34.0	40.5
2012	3	4	42.1	34.0	38.0
2012	3	5	37.9	25.0	31.4
2012	3	6	39.0	19.9	29.4
2012	3	7	62.1	32.0	47.0
2012	3	8	68.0	50.0	59.0
2012	3	9	61.0	35.1	48.0
2012	3	10	39.9	30.9	35.4
2012	3	11	57.9	30.0	44.0
2012	3	12	71.1	42.1	56.6
2012	3	13	71.1	48.9	60.0
2012	3	14	57.0	39.9	48.5
2012	3	15	42.1	37.0	39.5
2012	3	16	46.0	37.0	41.5
2012	3	17	48.9	39.9	44.4
2012	3	18	73.9	41.0	57.5
2012	3	19	73.9	45.0	59.5
2012	3	20	66.9	44.1	55.5
2012	3	21	78.1	55.9	67.0
2012	3	22	82.9	55.9	69.4
2012	3	23	75.9	57.9	66.9
2012	3	24	59.0	46.9	53.0
2012	3	25	48.0	42.1	45.0
2012	3	26	50.0	32.0	41.0
2012	3	27	48.9	27.0	38.0
2012	3	28	50.0	39.0	44.5
2012	3	29	46.0	39.9	43.0
2012	3	30	51.1	36.0	43.5
2012	3	31	43.0	36.0	39.5
2012	4	1	51.1	34.0	42.5
2012	4	2	53.1	39.0	46.0
2012	4	3	59.0	36.0	47.5
2012	4	4	64.0	43.0	53.5
2012	4	5	52.0	39.9	46.0
2012	4	6	53.1	37.0	45.0
2012	4	7	52.0	37.9	45.0
2012	4	8	50.0	41.0	45.5
2012	4	9	57.9	43.0	50.5
2012	4	10	63.0	43.0	53.0
2012	4	11	54.0	44.1	49.0
2012	4	12	55.9	43.0	49.5
2012	4	13	64.9	41.0	53.0
2012	4	14	71.1	48.9	60.0
2012	4	15	77.0	54.0	65.5
2012	4	16	87.1	59.0	73.0
2012	4	17	84.0	57.0	70.5
2012	4	18	62.1	48.9	55.5
2012	4	19	66.0	46.9	56.5
2012	4	20	77.0	48.9	63.0
2012	4	21	78.1	54.0	66.0
2012	4	22	62.1	44.1	53.1
2012	4	23	63.0	44.1	53.5
2012	4	24	57.9	46.0	52.0
2012	4	25	62.1	43.0	52.5
2012	4	26	63.0	43.0	53.0
2012	4	27	57.0	39.9	48.5
2012	4	28	60.1	37.0	48.5
2012	4	29	59.0	39.0	49.0
2012	4	30	54.0	41.0	47.5
2012	5	1	50.0	45.0	47.5
2012	5	2	52.0	45.0	48.5
2012	5	3	50.0	46.0	48.0
2012	5	4	55.9	48.9	52.4
2012	5	5	57.9	46.0	52.0
2012	5	6	54.0	46.0	50.0
2012	5	7	59.0	48.0	53.5
2012	5	8	57.9	50.0	54.0
2012	5	9	63.0	55.9	59.5
2012	5	10	66.9	50.0	58.5
2012	5	11	64.0	46.9	55.5
2012	5	12	80.1	50.0	65.0
2012	5	13	80.1	59.0	69.5
2012	5	14	64.0	53.1	58.5
2012	5	15	73.0	55.9	64.5
2012	5	16	73.0	60.1	66.5
2012	5	17	70.0	54.0	62.0
2012	5	18	64.9	48.9	56.9
2012	5	19	66.0	51.1	58.5
2012	5	20	71.1	55.0	63.0
2012	5	21	59.0	54.0	56.5
2012	5	22	63.0	55.9	59.5
2012	5	23	71.1	59.0	65.0
2012	5	24	71.1	60.1	65.6
2012	5	25	73.9	57.9	65.9
2012	5	26	86.0	66.0	76.0
2012	5	27	72.0	64.0	68.0
2012	5	28	69.1	60.1	64.6
2012	5	29	66.9	59.0	63.0
2012	5	30	75.0	61.0	68.0
2012	5	31	82.9	63.0	73.0
2012	6	1	64.9	57.9	61.4
2012	6	2	62.1	55.0	58.5
2012	6	3	62.1	53.1	57.6
2012	6	4	53.1	50.0	51.5
2012	6	5	55.9	50.0	53.0
2012	6	6	61.0	52.0	56.5
2012	6	7	64.9	54.0	59.5
2012	6	8	79.0	54.0	66.5
2012	6	9	79.0	59.0	69.0
2012	6	10	75.9	59.0	67.5
2012	6	11	73.9	57.0	65.5
2012	6	12	73.9	60.1	67.0
2012	6	13	64.9	62.1	63.5
2012	6	14	68.0	61.0	64.5
2012	6	15	69.1	57.0	63.0
2012	6	16	64.9	54.0	59.5
2012	6	17	63.0	52.0	57.5
2012	6	18	64.0	55.0	59.5
2012	6	19	75.9	55.9	65.9
2012	6	20	97.0	66.0	81.5
2012	6	21	96.1	80.1	88.1
2012	6	22	95.0	73.9	84.5
2012	6	23	81.0	64.9	73.0
2012	6	24	84.0	64.0	74.0
2012	6	25	73.0	61.0	67.0
2012	6	26	73.0	61.0	67.0
2012	6	27	77.0	61.0	69.0
2012	6	28	82.9	64.9	73.9
2012	6	29	89.1	66.0	77.5
2012	6	30	90.0	70.0	80.0
2012	7	1	91.0	70.0	80.5
2012	7	2	84.0	69.1	76.5
2012	7	3	86.0	68.0	77.0
2012	7	4	84.0	68.0	76.0
2012	7	5	82.9	70.0	76.5
2012	7	6	80.1	68.0	74.0
2012	7	7	86.0	73.0	79.5
2012	7	8	89.1	71.1	80.1
2012	7	9	84.0	66.9	75.5
2012	7	10	82.9	64.9	73.9
2012	7	11	80.1	66.0	73.0
2012	7	12	86.0	66.0	76.0
2012	7	13	90.0	69.1	79.5
2012	7	14	91.0	72.0	81.5
2012	7	15	91.0	72.0	81.5
2012	7	16	88.0	72.0	80.0
2012	7	17	97.0	75.9	86.5
2012	7	18	89.1	70.0	79.5
2012	7	19	73.9	66.0	70.0
2012	7	20	71.1	64.0	67.5
2012	7	21	73.9	61.0	67.5
2012	7	22	84.0	61.0	72.5
2012	7	23	86.0	66.0	76.0
2012	7	24	91.0	68.0	79.5
2012	7	25	82.9	64.9	73.9
2012	7	26	84.0	66.0	75.0
2012	7	27	77.0	64.0	70.5
2012	7	28	72.0	63.0	67.5
2012	7	29	73.0	64.0	68.5
2012	7	30	81.0	63.0	72.0
2012	7	31	73.0	63.0	68.0
2012	8	1	78.1	68.0	73.0
2012	8	2	86.0	68.0	77.0
2012	8	3	91.9	72.0	82.0
2012	8	4	82.0	73.9	78.0
2012	8	5	88.0	72.0	80.0
2012	8	6	84.9	71.1	78.0
2012	8	7	77.0	66.9	72.0
2012	8	8	82.9	66.0	74.5
2012	8	9	82.9	69.1	76.0
2012	8	10	84.0	69.1	76.5
2012	8	11	81.0	71.1	76.0
2012	8	12	84.0	72.0	78.0
2012	8	13	86.0	71.1	78.5
2012	8	14	82.9	70.0	76.5
2012	8	15	84.0	66.0	75.0
2012	8	16	84.9	66.9	75.9
2012	8	17	86.0	66.0	76.0
2012	8	18	72.0	64.0	68.0
2012	8	19	73.0	61.0	67.0
2012	8	20	75.0	62.1	68.5
2012	8	21	82.9	66.0	74.5
2012	8	22	78.1	66.0	72.0
2012	8	23	87.1	66.0	76.5
2012	8	24	78.1	68.0	73.0
2012	8	25	77.0	66.0	71.5
2012	8	26	75.9	64.0	70.0
2012	8	27	84.9	62.1	73.5
2012	8	28	86.0	68.0	77.0
2012	8	29	75.0	62.1	68.5
2012	8	30	82.9	60.1	71.5
2012	8	31	90.0	68.0	79.0
2012	9	1	80.1	63.0	71.5
2012	9	2	73.0	62.1	67.5
2012	9	3	72.0	59.0	65.5
2012	9	4	73.0	63.0	68.0
2012	9	5	82.0	66.0	74.0
2012	9	6	79.0	64.9	72.0
2012	9	7	82.0	68.0	75.0
2012	9	8	82.0	66.9	74.5
2012	9	9	75.0	62.1	68.5
2012	9	10	69.1	55.9	62.5
2012	9	11	73.0	53.1	63.0
2012	9	12	73.0	53.1	63.0
2012	9	13	82.0	60.1	71.0
2012	9	14	81.0	61.0	71.0
2012	9	15	73.9	59.0	66.5
2012	9	16	71.1	54.0	62.5
2012	9	17	70.0	53.1	61.5
2012	9	18	75.0	57.9	66.5
2012	9	19	72.0	55.0	63.5
2012	9	20	62.1	51.1	56.6
2012	9	21	63.0	51.1	57.0
2012	9	22	66.9	55.9	61.4
2012	9	23	71.1	55.9	63.5
2012	9	24	66.9	51.1	59.0
2012	9	25	73.0	48.9	61.0
2012	9	26	73.9	59.0	66.5
2012	9	27	69.1	55.0	62.0
2012	9	28	57.9	54.0	56.0
2012	9	29	57.0	54.0	55.5
2012	9	30	59.0	53.1	56.0
2012	10	1	68.0	50.0	59.0
2012	10	2	71.1	55.9	63.5
2012	10	3	64.0	59.0	61.5
2012	10	4	62.1	59.0	60.5
2012	10	5	75.9	57.0	66.5
2012	10	6	78.1	54.0	66.0
2012	10	7	57.9	48.0	53.0
2012	10	8	55.9	46.0	51.0
2012	10	9	57.9	53.1	55.5
2012	10	10	62.1	52.0	57.0
2012	10	11	59.0	45.0	52.0
2012	10	12	54.0	39.9	47.0
2012	10	13	53.1	35.1	44.1
2012	10	14	66.9	46.9	56.9
2012	10	15	73.9	60.1	67.0
2012	10	16	63.0	45.0	54.0
2012	10	17	55.9	42.1	49.0
2012	10	18	60.1	44.1	52.1
2012	10	19	68.0	53.1	60.5
2012	10	20	73.9	57.9	65.9
2012	10	21	64.0	48.9	56.5
2012	10	22	68.0	52.0	60.0
2012	10	23	66.9	51.1	59.0
2012	10	24	55.0	46.9	51.0
2012	10	25	59.0	44.1	51.5
2012	10	26	66.0	46.9	56.5
2012	10	27	60.1	48.9	54.5
2012	10	28	55.9	51.1	53.5
2012	10	29	61.0	53.1	57.0
2012	10	30	63.0	52.0	57.5
2012	10	31	55.9	46.9	51.4
2012	11	1	57.0	45.0	51.0
2012	11	2	52.0	45.0	48.5
2012	11	3	53.1	42.1	47.6
2012	11	4	53.1	37.9	45.5
2012	11	5	45.0	33.1	39.0
2012	11	6	41.0	30.9	36.0
2012	11	7	45.0	32.0	38.5
2012	11	8	39.9	32.0	36.0
2012	11	9	53.1	37.9	45.5
2012	11	10	55.0	39.9	47.5
2012	11	11	61.0	39.9	50.5
2012	11	12	66.0	46.9	56.5
2012	11	13	63.0	39.9	51.5
2012	11	14	45.0	36.0	40.5
2012	11	15	41.0	34.0	37.5
2012	11	16	45.0	35.1	40.0
2012	11	17	46.9	36.0	41.5
2012	11	18	46.9	33.1	40.0
2012	11	19	48.0	33.1	40.5
2012	11	20	48.0	34.0	41.0
2012	11	21	48.9	37.9	43.4
2012	11	22	50.0	39.9	45.0
2012	11	23	48.9	36.0	42.5
2012	11	24	48.0	34.0	41.0
2012	11	25	39.9	30.9	35.4
2012	11	26	46.0	33.1	39.5
2012	11	27	39.0	34.0	36.5
2012	11	28	36.0	32.0	34.0
2012	11	29	43.0	32.0	37.5
2012	11	30	37.9	30.0	34.0
2012	12	1	32.0	28.0	30.0
2012	12	2	52.0	32.0	42.0
2012	12	3	59.0	41.0	50.0
2012	12	4	57.0	39.0	48.0
2012	12	5	57.0	33.1	45.0
2012	12	6	41.0	30.0	35.5
2012	12	7	44.1	30.0	37.0
2012	12	8	46.9	43.0	45.0
2012	12	9	48.9	41.0	45.0
2012	12	10	60.1	42.1	51.1
2012	12	11	55.9	34.0	45.0
2012	12	12	39.9	30.9	35.4
2012	12	13	42.1	28.9	35.5
2012	12	14	48.9	30.9	39.9
2012	12	15	39.9	33.1	36.5
2012	12	16	39.0	34.0	36.5
2012	12	17	45.0	37.0	41.0
2012	12	18	50.0	41.0	45.5
2012	12	19	45.0	37.9	41.5
2012	12	20	43.0	33.1	38.0
2012	12	21	52.0	37.9	45.0
2012	12	22	37.9	30.0	34.0
2012	12	23	37.9	28.9	33.4
2012	12	24	39.9	30.9	35.4
2012	12	25	35.1	28.0	31.6
2012	12	26	39.0	23.0	31.0
2012	12	27	46.9	30.0	38.5
2012	12	28	37.0	28.0	32.5
2012	12	29	37.0	28.9	33.0
2012	12	30	30.0	21.9	25.9
2012	12	31	34.0	21.0	27.5
2013	1	1	37.0	19.9	28.4
2013	1	2	30.0	12.0	21.0
2013	1	3	25.0	7.0	16.0
2013	1	4	37.9	21.0	29.4
2013	1	5	42.1	27.0	34.5
2013	1	6	43.0	28.0	35.5
2013	1	7	39.0	28.9	34.0
2013	1	8	46.0	28.0	37.0
2013	1	9	46.0	28.0	37.0
2013	1	10	46.9	35.1	41.0
2013	1	11	39.9	30.9	35.4
2013	1	12	44.1	37.9	41.0
2013	1	13	51.1	39.9	45.5
2013	1	14	61.0	42.1	51.5
2013	1	15	42.1	35.1	38.6
2013	1	16	36.0	30.0	33.0
2013	1	17	42.1	30.0	36.0
2013	1	18	30.0	19.0	24.5
2013	1	19	48.9	24.1	36.5
2013	1	20	54.0	28.9	41.5
2013	1	21	30.0	23.0	26.5
2013	1	22	25.0	15.1	20.1
2013	1	23	17.1	8.1	12.6
2013	1	24	21.0	3.9	12.4
2013	1	25	24.1	10.0	17.1
2013	1	26	25.0	12.9	18.9
2013	1	27	32.0	14.0	23.0
2013	1	28	30.9	21.0	25.9
2013	1	29	34.0	27.0	30.5
2013	1	30	60.1	33.1	46.6
2013	1	31	60.1	32.0	46.0
2013	2	1	34.0	23.0	28.5
2013	2	2	30.0	19.0	24.5
2013	2	3	27.0	23.0	25.0
2013	2	4	30.9	21.9	26.4
2013	2	5	27.0	21.9	24.4
2013	2	6	39.9	26.1	33.0
2013	2	7	30.0	18.0	24.0
2013	2	8	34.0	19.9	26.9
2013	2	9	19.9	15.1	17.5
2013	2	10	36.0	15.1	25.6
2013	2	11	45.0	19.9	32.5
2013	2	12	44.1	36.0	40.0
2013	2	13	42.1	30.0	36.0
2013	2	14	42.1	32.0	37.0
2013	2	15	46.9	30.0	38.5
2013	2	16	37.9	32.0	35.0
2013	2	17	32.0	18.0	25.0
2013	2	18	33.1	16.0	24.6
2013	2	19	45.0	26.1	35.5
2013	2	20	43.0	27.0	35.0
2013	2	21	33.1	25.0	29.1
2013	2	22	37.9	26.1	32.0
2013	2	23	37.9	32.0	35.0
2013	2	24	37.9	28.9	33.4
2013	2	25	41.0	28.0	34.5
2013	2	26	41.0	28.9	35.0
2013	2	27	39.9	37.9	38.9
2013	2	28	44.1	33.1	38.6
2013	3	1	41.0	34.0	37.5
2013	3	2	42.1	34.0	38.0
2013	3	3	43.0	33.1	38.0
2013	3	4	41.0	30.9	36.0
2013	3	5	43.0	32.0	37.5
2013	3	6	41.0	35.1	38.0
2013	3	7	37.0	30.0	33.5
2013	3	8	42.1	28.0	35.0
2013	3	9	37.9	30.9	34.4
2013	3	10	37.0	28.0	32.5
2013	3	11	50.0	35.1	42.5
2013	3	12	53.1	39.0	46.0
2013	3	13	51.1	39.0	45.0
2013	3	14	39.0	23.0	31.0
2013	3	15	41.0	21.0	31.0
2013	3	16	39.9	30.0	35.0
2013	3	17	37.9	25.0	31.4
2013	3	18	33.1	21.0	27.1
2013	3	19	36.0	28.0	32.0
2013	3	20	39.0	26.1	32.5
2013	3	21	35.1	30.0	32.5
2013	3	22	39.9	28.9	34.4
2013	3	23	44.1	30.0	37.0
2013	3	24	48.0	33.1	40.5
2013	3	25	44.1	33.1	38.6
2013	3	26	50.0	34.0	42.0
2013	3	27	55.0	36.0	45.5
2013	3	28	48.0	37.9	43.0
2013	3	29	55.9	39.9	47.9
2013	3	30	54.0	39.9	47.0
2013	3	31	59.0	34.0	46.5
2013	4	1	62.1	35.1	48.6
2013	4	2	42.1	31.1	36.6
2013	4	3	46.9	31.1	39.0
2013	4	4	55.9	32.0	44.0
2013	4	5	57.0	37.9	47.5
2013	4	6	46.9	33.1	40.0
2013	4	7	54.0	32.0	43.0
2013	4	8	63.0	46.0	54.5
2013	4	9	73.0	45.0	59.0
2013	4	10	54.0	45.0	49.5
2013	4	11	48.9	42.1	45.5
2013	4	12	43.0	37.9	40.5
2013	4	13	51.1	36.0	43.5
2013	4	14	55.0	42.1	48.5
2013	4	15	48.9	37.9	43.4
2013	4	16	64.0	39.0	51.5
2013	4	17	66.0	46.9	56.5
2013	4	18	63.0	45.0	54.0
2013	4	19	75.0	53.1	64.0
2013	4	20	64.9	44.1	54.5
2013	4	21	50.0	37.0	43.5
2013	4	22	48.9	36.0	42.5
2013	4	23	43.0	41.0	42.0
2013	4	24	69.1	43.0	56.0
2013	4	25	66.0	48.0	57.0
2013	4	26	52.0	44.1	48.0
2013	4	27	55.9	42.1	49.0
2013	4	28	63.0	44.1	53.5
2013	4	29	68.0	48.0	58.0
2013	4	30	61.0	46.9	54.0
2013	5	1	60.1	45.0	52.5
2013	5	2	70.0	46.9	58.5
2013	5	3	53.1	44.1	48.6
2013	5	4	52.0	44.1	48.0
2013	5	5	53.1	39.9	46.5
2013	5	6	55.0	43.0	49.0
2013	5	7	72.0	46.9	59.5
2013	5	8	66.0	53.1	59.5
2013	5	9	63.0	53.1	58.0
2013	5	10	69.1	55.9	62.5
2013	5	11	72.0	59.0	65.5
2013	5	12	73.0	51.1	62.0
2013	5	13	60.1	46.0	53.0
2013	5	14	60.1	44.1	52.1
2013	5	15	66.9	44.1	55.5
2013	5	16	82.0	53.1	67.5
2013	5	17	70.0	54.0	62.0
2013	5	18	66.9	51.1	59.0
2013	5	19	63.0	50.0	56.5
2013	5	20	82.0	55.9	69.0
2013	5	21	66.0	52.0	59.0
2013	5	22	60.1	51.1	55.6
2013	5	23	77.0	53.1	65.0
2013	5	24	70.0	51.1	60.5
2013	5	25	54.0	42.1	48.0
2013	5	26	60.1	41.0	50.5
2013	5	27	73.0	46.9	60.0
2013	5	28	64.0	51.1	57.5
2013	5	29	70.0	57.0	63.5
2013	5	30	88.0	64.9	76.5
2013	5	31	93.9	72.0	83.0
2013	6	1	91.9	70.0	81.0
2013	6	2	88.0	68.0	78.0
2013	6	3	77.0	62.1	69.5
2013	6	4	73.0	55.0	64.0
2013	6	5	72.0	57.0	64.5
2013	6	6	69.1	57.0	63.0
2013	6	7	57.9	55.0	56.5
2013	6	8	79.0	55.0	67.0
2013	6	9	80.1	61.0	70.5
2013	6	10	69.1	57.9	63.5
2013	6	11	64.0	55.9	60.0
2013	6	12	71.1	55.9	63.5
2013	6	13	66.9	53.1	60.0
2013	6	14	73.9	53.1	63.5
2013	6	15	80.1	62.1	71.1
2013	6	16	77.0	61.0	69.0
2013	6	17	87.1	63.0	75.0
2013	6	18	71.1	59.0	65.0
2013	6	19	71.1	57.9	64.5
2013	6	20	77.0	57.9	67.5
2013	6	21	84.0	61.0	72.5
2013	6	22	84.9	64.9	74.9
2013	6	23	91.0	66.0	78.5
2013	6	24	95.0	70.0	82.5
2013	6	25	91.9	69.1	80.5
2013	6	26	84.0	64.0	74.0
2013	6	27	66.0	61.0	63.5
2013	6	28	81.0	62.1	71.5
2013	6	29	82.9	70.0	76.5
2013	6	30	84.0	69.1	76.5
2013	7	1	84.9	71.1	78.0
2013	7	2	82.0	61.0	71.5
2013	7	3	91.0	62.1	76.5
2013	7	4	93.9	75.0	84.5
2013	7	5	95.0	79.0	87.0
2013	7	6	93.0	79.0	86.0
2013	7	7	93.0	75.0	84.0
2013	7	8	84.9	66.0	75.5
2013	7	9	72.0	64.9	68.5
2013	7	10	86.0	66.9	76.5
2013	7	11	82.0	73.0	77.5
2013	7	12	73.9	66.0	70.0
2013	7	13	72.0	66.0	69.0
2013	7	14	93.0	69.1	81.0
2013	7	15	91.9	73.9	82.9
2013	7	16	93.0	75.0	84.0
2013	7	17	95.0	73.0	84.0
2013	7	18	91.0	75.9	83.5
2013	7	19	99.0	78.1	88.5
2013	7	20	96.1	79.0	87.5
2013	7	21	79.0	68.0	73.5
2013	7	22	75.9	68.0	72.0
2013	7	23	82.0	68.0	75.0
2013	7	24	88.0	66.0	77.0
2013	7	25	66.0	60.1	63.0
2013	7	26	72.0	62.1	67.0
2013	7	27	84.0	62.1	73.0
2013	7	28	75.0	66.9	71.0
2013	7	29	81.0	66.0	73.5
2013	7	30	84.0	66.0	75.0
2013	7	31	79.0	68.0	73.5
2013	8	1	82.0	66.0	74.0
2013	8	2	84.9	66.0	75.5
2013	8	3	80.1	68.0	74.0
2013	8	4	82.0	64.9	73.5
2013	8	5	78.1	61.0	69.5
2013	8	6	73.9	59.0	66.5
2013	8	7	79.0	61.0	70.0
2013	8	8	81.0	64.9	73.0
2013	8	9	75.9	71.1	73.5
2013	8	10	84.9	66.9	75.9
2013	8	11	81.0	63.0	72.0
2013	8	12	84.0	64.9	74.5
2013	8	13	73.0	66.0	69.5
2013	8	14	75.9	63.0	69.5
2013	8	15	78.1	60.1	69.1
2013	8	16	80.1	62.1	71.1
2013	8	17	73.9	64.0	69.0
2013	8	18	78.1	63.0	70.5
2013	8	19	84.0	64.0	74.0
2013	8	20	87.1	69.1	78.1
2013	8	21	89.1	66.9	78.0
2013	8	22	89.1	70.0	79.5
2013	8	23	78.1	66.0	72.0
2013	8	24	72.0	60.1	66.0
2013	8	25	82.9	61.0	72.0
2013	8	26	84.0	66.9	75.5
2013	8	27	75.9	64.9	70.4
2013	8	28	73.0	61.0	67.0
2013	8	29	66.9	62.1	64.5
2013	8	30	84.0	63.0	73.5
2013	8	31	82.0	69.1	75.5
2013	9	1	79.0	70.0	74.5
2013	9	2	81.0	69.1	75.0
2013	9	3	81.0	66.9	74.0
2013	9	4	82.0	63.0	72.5
2013	9	5	70.0	57.0	63.5
2013	9	6	71.1	52.0	61.5
2013	9	7	81.0	54.0	67.5
2013	9	8	78.1	55.9	67.0
2013	9	9	71.1	52.0	61.5
2013	9	10	77.0	59.0	68.0
2013	9	11	97.0	68.0	82.5
2013	9	12	88.0	66.9	77.5
2013	9	13	75.9	61.0	68.5
2013	9	14	68.0	57.0	62.5
2013	9	15	73.0	54.0	63.5
2013	9	16	70.0	50.0	60.0
2013	9	17	60.1	44.1	52.1
2013	9	18	75.0	51.1	63.0
2013	9	19	71.1	54.0	62.5
2013	9	20	71.1	55.0	63.0
2013	9	21	77.0	57.0	67.0
2013	9	22	73.0	55.0	64.0
2013	9	23	64.9	50.0	57.5
2013	9	24	68.0	46.9	57.5
2013	9	25	63.0	52.0	57.5
2013	9	26	63.0	55.0	59.0
2013	9	27	66.0	57.0	61.5
2013	9	28	69.1	55.0	62.0
2013	9	29	62.1	51.1	56.6
2013	9	30	64.9	51.1	58.0
2013	10	1	75.0	52.0	63.5
2013	10	2	82.0	62.1	72.0
2013	10	3	79.0	61.0	70.0
2013	10	4	66.9	59.0	63.0
2013	10	5	68.0	59.0	63.5
2013	10	6	62.1	55.9	59.0
2013	10	7	78.1	60.1	69.1
2013	10	8	68.0	52.0	60.0
2013	10	9	61.0	48.9	55.0
2013	10	10	61.0	48.0	54.5
2013	10	11	66.0	52.0	59.0
2013	10	12	61.0	53.1	57.0
2013	10	13	61.0	48.9	55.0
2013	10	14	61.0	44.1	52.5
2013	10	15	64.0	52.0	58.0
2013	10	16	62.1	51.1	56.6
2013	10	17	73.0	54.0	63.5
2013	10	18	70.0	55.9	63.0
2013	10	19	66.9	50.0	58.5
2013	10	20	64.0	48.9	56.5
2013	10	21	68.0	45.0	56.5
2013	10	22	71.1	48.0	59.5
2013	10	23	53.1	46.0	49.5
2013	10	24	55.9	43.0	49.5
2013	10	25	52.0	39.0	45.5
2013	10	26	57.0	37.0	47.0
2013	10	27	57.0	44.1	50.5
2013	10	28	60.1	39.0	49.5
2013	10	29	48.9	35.1	42.0
2013	10	30	53.1	39.0	46.0
2013	10	31	63.0	39.9	51.5
2013	11	1	72.0	60.1	66.0
2013	11	2	66.0	50.0	58.0
2013	11	3	53.1	34.0	43.5
2013	11	4	42.1	31.1	36.6
2013	11	5	48.0	32.0	40.0
2013	11	6	61.0	42.1	51.5
2013	11	7	68.0	43.0	55.5
2013	11	8	50.0	37.9	44.0
2013	11	9	46.9	35.1	41.0
2013	11	10	57.9	42.1	50.0
2013	11	11	53.1	41.0	47.0
2013	11	12	50.0	29.1	39.5
2013	11	13	37.9	26.2	32.0
2013	11	14	52.0	30.2	41.1
2013	11	15	62.1	37.9	50.0
2013	11	16	59.0	39.9	49.5
2013	11	17	55.0	37.9	46.5
2013	11	18	66.9	50.0	58.5
2013	11	19	50.0	32.0	41.0
2013	11	20	43.0	29.1	36.0
2013	11	21	48.0	29.1	38.5
2013	11	22	48.0	42.1	45.0
2013	11	23	50.0	31.1	40.5
2013	11	24	31.1	21.2	26.1
2013	11	25	34.0	18.1	26.1
2013	11	26	44.1	32.0	38.0
2013	11	27	62.1	39.0	50.5
2013	11	28	39.0	27.1	33.0
2013	11	29	35.1	23.2	29.1
2013	11	30	35.1	20.1	27.6
2013	12	1	46.9	34.0	40.5
2013	12	2	41.0	37.0	39.0
2013	12	3	48.9	36.0	42.5
2013	12	4	45.0	35.1	40.0
2013	12	5	57.0	36.0	46.5
2013	12	6	57.0	35.1	46.0
2013	12	7	42.1	31.1	36.6
2013	12	8	32.0	27.1	29.6
2013	12	9	43.0	26.2	34.6
2013	12	10	37.9	27.1	32.5
2013	12	11	32.0	24.3	28.1
2013	12	12	27.1	18.1	22.6
2013	12	13	30.2	16.2	23.2
2013	12	14	31.1	11.1	21.1
2013	12	15	37.9	23.2	30.5
2013	12	16	30.2	20.1	25.1
2013	12	17	28.2	9.1	18.6
2013	12	18	36.0	19.2	27.6
2013	12	19	43.0	27.1	35.0
2013	12	20	51.1	32.0	41.5
2013	12	21	54.0	41.0	47.5
2013	12	22	54.0	35.1	44.5
2013	12	23	39.9	33.1	36.5
2013	12	24	39.9	28.2	34.0
2013	12	25	28.2	15.3	21.8
2013	12	26	36.0	21.2	28.6
2013	12	27	35.1	28.2	31.6
2013	12	28	48.0	27.1	37.5
2013	12	29	44.1	33.1	38.6
2013	12	30	44.1	19.2	31.6
2013	12	31	26.2	14.2	20.2
2014	1	1	29.1	19.2	24.1
2014	1	2	26.2	2.1	14.2
2014	1	3	14.2	2.1	8.2
2014	1	4	27.1	2.1	14.6
2014	1	5	37.9	24.3	31.1
2014	1	6	55.9	29.1	42.5
2014	1	7	29.1	9.1	19.1
2014	1	8	22.1	7.2	14.7
2014	1	9	30.2	19.2	24.7
2014	1	10	37.0	18.1	27.6
2014	1	11	59.0	34.0	46.5
2014	1	12	54.0	37.0	45.5
2014	1	13	51.1	31.1	41.1
2014	1	14	50.0	44.1	47.0
2014	1	15	48.0	35.1	41.5
2014	1	16	39.0	33.1	36.0
2014	1	17	46.0	33.1	39.5
2014	1	18	37.9	32.0	35.0
2014	1	19	35.1	30.2	32.6
2014	1	20	41.0	26.2	33.6
2014	1	21	26.2	11.1	18.6
2014	1	22	18.1	7.2	12.7
2014	1	23	22.1	6.3	14.2
2014	1	24	19.2	7.2	13.2
2014	1	25	37.9	15.3	26.6
2014	1	26	26.2	16.2	21.2
2014	1	27	46.9	21.2	34.0
2014	1	28	21.2	13.1	17.1
2014	1	29	27.1	15.3	21.2
2014	1	30	30.2	16.2	23.2
2014	1	31	43.0	22.1	32.5
2014	2	1	42.1	32.0	37.0
2014	2	2	55.0	31.1	43.0
2014	2	3	41.0	27.1	34.0
2014	2	4	35.1	23.2	29.1
2014	2	5	33.1	24.3	28.7
2014	2	6	28.2	19.2	23.7
2014	2	7	30.2	19.2	24.7
2014	2	8	29.1	18.1	23.6
2014	2	9	30.2	21.2	25.7
2014	2	10	30.2	20.1	25.1
2014	2	11	25.2	14.2	19.7
2014	2	12	23.2	8.2	15.7
2014	2	13	36.0	21.2	28.6
2014	2	14	37.0	29.1	33.0
2014	2	15	35.1	27.1	31.1
2014	2	16	33.1	23.2	28.1
2014	2	17	29.1	14.2	21.6
2014	2	18	35.1	14.2	24.6
2014	2	19	36.0	21.2	28.6
2014	2	20	48.0	33.1	40.5
2014	2	21	44.1	34.0	39.0
2014	2	22	50.0	34.0	42.0
2014	2	23	52.0	34.0	43.0
2014	2	24	45.0	24.3	34.6
2014	2	25	29.1	22.1	25.6
2014	2	26	32.0	16.2	24.1
2014	2	27	30.2	12.2	21.2
2014	2	28	25.2	10.2	17.7
2014	3	1	36.0	16.2	26.1
2014	3	2	39.9	30.2	35.0
2014	3	3	30.2	16.2	23.2
2014	3	4	31.1	12.2	21.6
2014	3	5	29.1	20.1	24.6
2014	3	6	25.2	11.1	18.1
2014	3	7	34.0	16.2	25.1
2014	3	8	55.0	27.1	41.0
2014	3	9	43.0	30.2	36.6
2014	3	10	44.1	28.2	36.1
2014	3	11	60.1	34.0	47.0
2014	3	12	46.0	37.0	41.5
2014	3	13	37.0	17.2	27.1
2014	3	14	39.0	16.2	27.6
2014	3	15	57.0	37.9	47.5
2014	3	16	37.0	23.2	30.1
2014	3	17	27.1	16.2	21.6
2014	3	18	33.1	20.1	26.6
2014	3	19	41.0	27.1	34.0
2014	3	20	52.0	37.0	44.5
2014	3	21	45.0	34.0	39.5
2014	3	22	57.0	28.2	42.6
2014	3	23	44.1	22.1	33.1
2014	3	24	33.1	17.2	25.1
2014	3	25	39.0	21.2	30.1
2014	3	26	35.1	24.3	29.7
2014	3	27	46.0	21.2	33.6
2014	3	28	60.1	35.1	47.6
2014	3	29	52.0	39.0	45.5
2014	3	30	43.0	36.0	39.5
2014	3	31	42.1	34.0	38.0
2014	4	1	46.9	34.0	40.5
2014	4	2	46.0	37.0	41.5
2014	4	3	54.0	34.0	44.0
2014	4	4	44.1	37.0	40.5
2014	4	5	54.0	37.9	46.0
2014	4	6	59.0	35.1	47.0
2014	4	7	59.0	37.9	48.5
2014	4	8	64.9	43.0	54.0
2014	4	9	59.0	41.0	50.0
2014	4	10	60.1	34.0	47.0
2014	4	11	69.1	48.0	58.5
2014	4	12	69.1	48.9	59.0
2014	4	13	63.0	45.0	54.0
2014	4	14	75.0	57.0	66.0
2014	4	15	68.0	41.0	54.5
2014	4	16	45.0	31.1	38.0
2014	4	17	39.9	32.0	36.0
2014	4	18	42.1	31.1	36.6
2014	4	19	63.0	37.0	50.0
2014	4	20	48.0	39.0	43.5
2014	4	21	69.1	36.0	52.5
2014	4	22	73.0	46.9	60.0
2014	4	23	57.0	46.0	51.5
2014	4	24	59.0	42.1	50.5
2014	4	25	57.0	43.0	50.0
2014	4	26	46.9	42.1	44.5
2014	4	27	50.0	41.0	45.5
2014	4	28	54.0	42.1	48.0
2014	4	29	44.1	42.1	43.1
2014	4	30	45.0	41.0	43.0
2014	5	1	60.1	44.1	52.1
2014	5	2	69.1	50.0	59.5
2014	5	3	66.9	50.0	58.5
2014	5	4	62.1	50.0	56.0
2014	5	5	66.0	50.0	58.0
2014	5	6	64.0	46.9	55.5
2014	5	7	69.1	46.9	58.0
2014	5	8	62.1	48.0	55.0
2014	5	9	59.0	50.0	54.5
2014	5	10	80.1	57.0	68.5
2014	5	11	80.1	62.1	71.1
2014	5	12	84.9	52.0	68.5
2014	5	13	52.0	46.0	49.0
2014	5	14	63.0	46.0	54.5
2014	5	15	77.0	57.0	67.0
2014	5	16	73.0	59.0	66.0
2014	5	17	75.0	57.9	66.5
2014	5	18	63.0	52.0	57.5
2014	5	19	68.0	52.0	60.0
2014	5	20	69.1	53.1	61.1
2014	5	21	64.9	52.0	58.5
2014	5	22	59.0	51.1	55.0
2014	5	23	57.0	52.0	54.5
2014	5	24	61.0	52.0	56.5
2014	5	25	66.0	52.0	59.0
2014	5	26	79.0	55.0	67.0
2014	5	27	73.9	50.0	62.0
2014	5	28	50.0	44.1	47.0
2014	5	29	57.9	43.0	50.5
2014	5	30	66.0	48.0	57.0
2014	5	31	60.1	52.0	56.0
2014	6	1	66.0	51.1	58.5
2014	6	2	82.9	55.9	69.4
2014	6	3	72.0	57.0	64.5
2014	6	4	60.1	55.0	57.5
2014	6	5	60.1	57.0	58.5
2014	6	6	75.9	57.0	66.5
2014	6	7	80.1	61.0	70.5
2014	6	8	81.0	66.9	74.0
2014	6	9	81.0	66.0	73.5
2014	6	10	79.0	59.0	69.0
2014	6	11	63.0	57.9	60.5
2014	6	12	66.0	59.0	62.5
2014	6	13	64.0	59.0	61.5
2014	6	14	77.0	57.9	67.5
2014	6	15	80.1	57.9	69.0
2014	6	16	73.0	62.1	67.5
2014	6	17	84.0	62.1	73.0
2014	6	18	87.1	68.0	77.5
2014	6	19	84.0	66.9	75.5
2014	6	20	77.0	61.0	69.0
2014	6	21	75.0	57.0	66.0
2014	6	22	71.1	59.0	65.0
2014	6	23	77.0	59.0	68.0
2014	6	24	84.0	60.1	72.0
2014	6	25	89.1	66.0	77.5
2014	6	26	81.0	60.1	70.5
2014	6	27	72.0	59.0	65.5
2014	6	28	80.1	59.0	69.5
2014	6	29	86.0	62.1	74.0
2014	6	30	89.1	64.0	76.5
2014	7	1	89.1	69.1	79.1
2014	7	2	91.0	73.0	82.0
2014	7	3	91.9	69.1	80.5
2014	7	4	75.9	64.0	70.0
2014	7	5	80.1	59.0	69.5
2014	7	6	84.9	66.0	75.5
2014	7	7	88.0	69.1	78.5
2014	7	8	91.9	73.0	82.5
2014	7	9	88.0	73.0	80.5
2014	7	10	82.0	66.0	74.0
2014	7	11	73.0	63.0	68.0
2014	7	12	80.1	62.1	71.1
2014	7	13	84.9	68.0	76.5
2014	7	14	86.0	71.1	78.5
2014	7	15	84.9	71.1	78.0
2014	7	16	75.9	69.1	72.5
2014	7	17	81.0	66.9	74.0
2014	7	18	75.9	64.9	70.4
2014	7	19	72.0	63.0	67.5
2014	7	20	72.0	61.0	66.5
2014	7	21	73.0	61.0	67.0
2014	7	22	87.1	63.0	75.0
2014	7	23	91.9	71.1	81.5
2014	7	24	75.9	63.0	69.5
2014	7	25	82.9	62.1	72.5
2014	7	26	84.9	64.0	74.5
2014	7	27	80.1	66.0	73.0
2014	7	28	84.0	64.9	74.5
2014	7	29	79.0	64.0	71.5
2014	7	30	78.1	63.0	70.5
2014	7	31	81.0	62.1	71.5
2014	8	1	82.0	64.9	73.5
2014	8	2	72.0	62.1	67.0
2014	8	3	70.0	62.1	66.0
2014	8	4	80.1	62.1	71.1
2014	8	5	82.0	70.0	76.0
2014	8	6	82.9	70.0	76.5
2014	8	7	79.0	64.0	71.5
2014	8	8	84.9	61.0	73.0
2014	8	9	78.1	64.9	71.5
2014	8	10	80.1	66.0	73.0
2014	8	11	84.0	64.9	74.5
2014	8	12	82.0	64.0	73.0
2014	8	13	69.1	64.0	66.5
2014	8	14	77.0	62.1	69.5
2014	8	15	75.0	60.1	67.5
2014	8	16	78.1	61.0	69.5
2014	8	17	81.0	64.0	72.5
2014	8	18	79.0	62.1	70.5
2014	8	19	73.9	59.0	66.5
2014	8	20	73.9	59.0	66.5
2014	8	21	72.0	60.1	66.0
2014	8	22	72.0	63.0	67.5
2014	8	23	72.0	61.0	66.5
2014	8	24	75.0	63.0	69.0
2014	8	25	81.0	66.9	74.0
2014	8	26	84.9	64.0	74.5
2014	8	27	91.0	66.9	79.0
2014	8	28	82.0	64.0	73.0
2014	8	29	71.1	59.0	65.0
2014	8	30	79.0	57.9	68.5
2014	8	31	84.9	66.9	75.9
2014	9	1	84.9	72.0	78.5
2014	9	2	93.0	71.1	82.0
2014	9	3	84.9	72.0	78.5
2014	9	4	82.9	66.0	74.5
2014	9	5	91.0	66.9	79.0
2014	9	6	91.9	69.1	80.5
2014	9	7	75.9	63.0	69.5
2014	9	8	71.1	59.0	65.0
2014	9	9	69.1	61.0	65.0
2014	9	10	70.0	60.1	65.0
2014	9	11	80.1	62.1	71.1
2014	9	12	68.0	55.9	62.0
2014	9	13	66.9	53.1	60.0
2014	9	14	66.0	52.0	59.0
2014	9	15	66.9	48.0	57.5
2014	9	16	64.9	55.0	60.0
2014	9	17	69.1	54.0	61.5
2014	9	18	75.0	55.0	65.0
2014	9	19	55.9	46.0	51.0
2014	9	20	73.0	46.9	60.0
2014	9	21	82.0	63.0	72.5
2014	9	22	73.9	53.1	63.5
2014	9	23	72.0	50.0	61.0
2014	9	24	66.0	54.0	60.0
2014	9	25	62.1	53.1	57.6
2014	9	26	69.1	54.0	61.5
2014	9	27	81.0	60.1	70.5
2014	9	28	87.1	60.1	73.6
2014	9	29	73.9	57.0	65.5
2014	9	30	57.0	55.9	56.5
2014	10	1	57.0	55.9	56.5
2014	10	2	55.9	51.1	53.5
2014	10	3	55.0	48.0	51.5
2014	10	4	63.0	53.1	58.0
2014	10	5	61.0	48.9	55.0
2014	10	6	66.9	43.0	55.0
2014	10	7	73.0	55.0	64.0
2014	10	8	73.0	57.9	65.5
2014	10	9	66.0	50.0	58.0
2014	10	10	63.0	51.1	57.0
2014	10	11	54.0	46.9	50.5
2014	10	12	59.0	44.1	51.5
2014	10	13	63.0	45.0	54.0
2014	10	14	78.1	57.0	67.5
2014	10	15	81.0	61.0	71.0
2014	10	16	70.0	60.1	65.0
2014	10	17	71.1	57.0	64.0
2014	10	18	71.1	55.0	63.0
2014	10	19	55.9	43.0	49.5
2014	10	20	57.9	39.0	48.5
2014	10	21	62.1	48.9	55.5
2014	10	22	55.9	50.0	53.0
2014	10	23	54.0	48.0	51.0
2014	10	24	52.0	46.0	49.0
2014	10	25	64.0	46.0	55.0
2014	10	26	59.0	46.9	53.0
2014	10	27	63.0	46.0	54.5
2014	10	28	60.1	45.0	52.5
2014	10	29	73.9	52.0	63.0
2014	10	30	59.0	46.0	52.5
2014	10	31	54.0	45.0	49.5
2014	11	1	48.9	39.0	44.0
2014	11	2	42.1	34.0	38.0
2014	11	3	53.1	36.0	44.5
2014	11	4	57.0	45.0	51.0
2014	11	5	66.0	46.9	56.5
2014	11	6	51.1	46.0	48.5
2014	11	7	48.9	39.0	44.0
2014	11	8	48.0	35.1	41.5
2014	11	9	55.9	39.9	47.9
2014	11	10	57.9	37.0	47.5
2014	11	11	63.0	42.1	52.5
2014	11	12	60.1	46.0	53.0
2014	11	13	50.0	37.9	44.0
2014	11	14	44.1	33.1	38.6
2014	11	15	39.9	30.2	35.0
2014	11	16	42.1	29.1	35.6
2014	11	17	48.0	37.0	42.5
2014	11	18	44.1	27.1	35.6
2014	11	19	37.0	24.3	30.6
2014	11	20	48.0	31.1	39.5
2014	11	21	36.0	27.1	31.6
2014	11	22	44.1	24.3	34.2
2014	11	23	59.0	42.1	50.5
2014	11	24	64.9	42.1	53.5
2014	11	25	62.1	48.0	55.0
2014	11	26	50.0	33.1	41.5
2014	11	27	37.9	31.1	34.5
2014	11	28	35.1	27.1	31.1
2014	11	29	34.0	23.2	28.6
2014	11	30	57.0	32.0	44.5
2014	12	1	64.0	39.0	51.5
2014	12	2	42.1	33.1	37.6
2014	12	3	51.1	37.0	44.0
2014	12	4	43.0	30.2	36.6
2014	12	5	42.1	26.2	34.1
2014	12	6	45.0	37.9	41.5
2014	12	7	37.9	21.2	29.5
2014	12	8	29.1	18.1	23.6
2014	12	9	48.9	29.1	39.0
2014	12	10	48.0	37.9	43.0
2014	12	11	39.0	32.0	35.5
2014	12	12	39.0	31.1	35.0
2014	12	13	42.1	32.0	37.0
2014	12	14	45.0	33.1	39.0
2014	12	15	42.1	32.0	37.0
2014	12	16	44.1	35.1	39.6
2014	12	17	48.9	41.0	45.0
2014	12	18	44.1	36.0	40.0
2014	12	19	37.0	29.1	33.0
2014	12	20	36.0	27.1	31.6
2014	12	21	36.0	30.2	33.1
2014	12	22	44.1	33.1	38.6
2014	12	23	46.9	42.1	44.5
2014	12	24	46.0	41.0	43.5
2014	12	25	59.0	44.1	51.5
2014	12	26	50.0	37.0	43.5
2014	12	27	52.0	37.9	45.0
2014	12	28	52.0	39.9	46.0
2014	12	29	41.0	30.2	35.6
2014	12	30	30.2	22.1	26.1
2014	12	31	30.2	20.1	25.1
2015	1	1	33.1	22.1	27.6
2015	1	2	41.0	31.1	36.0
2015	1	3	37.0	22.1	29.6
2015	1	4	52.0	35.1	43.5
2015	1	5	50.0	17.2	33.6
2015	1	6	18.1	15.3	16.7
2015	1	7	26.2	4.1	15.1
2015	1	8	19.2	-0.8	9.2
2015	1	9	30.2	19.2	24.7
2015	1	10	24.3	17.2	20.8
2015	1	11	33.1	15.3	24.2
2015	1	12	37.9	33.1	35.5
2015	1	13	35.1	15.3	25.2
2015	1	14	25.2	14.2	19.7
2015	1	15	31.1	25.2	28.1
2015	1	16	37.9	15.3	26.6
2015	1	17	22.1	9.1	15.6
2015	1	18	51.1	20.1	35.6
2015	1	19	46.0	32.0	39.0
2015	1	20	39.0	27.1	33.0
2015	1	21	34.0	22.1	28.1
2015	1	22	37.0	29.1	33.0
2015	1	23	37.0	24.3	30.6
2015	1	24	34.0	31.1	32.5
2015	1	25	37.9	19.2	28.5
2015	1	26	29.1	11.1	20.1
2015	1	27	19.2	14.2	16.7
2015	1	28	24.3	13.1	18.7
2015	1	29	32.0	10.2	21.1
2015	1	30	34.0	19.2	26.6
2015	1	31	21.2	11.1	16.1
2015	2	1	30.2	12.2	21.2
2015	2	2	31.1	10.2	20.6
2015	2	3	22.1	6.3	14.2
2015	2	4	37.9	14.2	26.0
2015	2	5	36.0	7.2	21.6
2015	2	6	21.2	5.2	13.2
2015	2	7	29.1	16.2	22.6
2015	2	8	29.1	13.1	21.1
2015	2	9	25.2	14.2	19.7
2015	2	10	30.2	14.2	22.2
2015	2	11	25.2	14.2	19.7
2015	2	12	30.2	16.2	23.2
2015	2	13	22.1	7.2	14.7
2015	2	14	30.2	3.2	16.7
2015	2	15	20.1	-1.8	9.2
2015	2	16	19.2	-2.7	8.2
2015	2	17	23.2	10.2	16.7
2015	2	18	29.1	17.2	23.1
2015	2	19	30.2	10.2	20.2
2015	2	20	20.1	5.2	12.7
2015	2	21	34.0	4.1	19.1
2015	2	22	39.0	28.2	33.6
2015	2	23	33.1	4.1	18.6
2015	2	24	19.2	2.1	10.7
2015	2	25	35.1	14.2	24.6
2015	2	26	22.1	17.2	19.6
2015	2	27	27.1	15.3	21.2
2015	2	28	31.1	12.2	21.6
2015	3	1	30.2	12.2	21.2
2015	3	2	37.0	26.2	31.6
2015	3	3	33.1	20.1	26.6
2015	3	4	43.0	33.1	38.0
2015	3	5	39.0	18.1	28.6
2015	3	6	24.3	9.1	16.7
2015	3	7	37.9	17.2	27.5
2015	3	8	42.1	24.3	33.2
2015	3	9	48.0	26.2	37.1
2015	3	10	48.0	31.1	39.5
2015	3	11	57.0	37.0	47.0
2015	3	12	43.0	25.2	34.1
2015	3	13	39.9	24.3	32.1
2015	3	14	39.0	31.1	35.0
2015	3	15	41.0	27.1	34.0
2015	3	16	45.0	26.2	35.6
2015	3	17	51.1	28.2	39.6
2015	3	18	30.2	22.1	26.1
2015	3	19	34.0	19.2	26.6
2015	3	20	32.0	23.2	27.6
2015	3	21	41.0	28.2	34.6
2015	3	22	39.0	21.2	30.1
2015	3	23	33.1	18.1	25.6
2015	3	24	35.1	20.1	27.6
2015	3	25	48.9	28.2	38.5
2015	3	26	55.9	37.9	46.9
2015	3	27	44.1	37.0	40.5
2015	3	28	39.9	30.2	35.0
2015	3	29	42.1	26.2	34.1
2015	3	30	45.0	30.2	37.6
2015	3	31	50.0	37.0	43.5
2015	4	1	46.9	30.2	38.5
2015	4	2	61.0	30.2	45.6
2015	4	3	59.0	45.0	52.0
2015	4	4	52.0	36.0	44.0
2015	4	5	48.9	32.0	40.5
2015	4	6	42.1	36.0	39.0
2015	4	7	42.1	36.0	39.0
2015	4	8	42.1	34.0	38.0
2015	4	9	37.0	33.1	35.0
2015	4	10	55.0	36.0	45.5
2015	4	11	57.0	42.1	49.5
2015	4	12	68.0	39.0	53.5
2015	4	13	69.1	41.0	55.0
2015	4	14	64.9	52.0	58.5
2015	4	15	66.9	50.0	58.5
2015	4	16	60.1	41.0	50.5
2015	4	17	64.9	46.9	55.9
2015	4	18	60.1	43.0	51.5
2015	4	19	50.0	41.0	45.5
2015	4	20	51.1	41.0	46.0
2015	4	21	64.9	46.0	55.5
2015	4	22	66.9	43.0	55.0
2015	4	23	51.1	37.9	44.5
2015	4	24	50.0	37.0	43.5
2015	4	25	55.9	36.0	46.0
2015	4	26	55.9	43.0	49.5
2015	4	27	57.0	45.0	51.0
2015	4	28	64.0	42.1	53.0
2015	4	29	54.0	48.0	51.0
2015	4	30	55.0	44.1	49.5
2015	5	1	48.9	39.0	44.0
2015	5	2	50.0	39.0	44.5
2015	5	3	66.9	45.0	56.0
2015	5	4	84.0	48.9	66.5
2015	5	5	70.0	54.0	62.0
2015	5	6	73.0	52.0	62.5
2015	5	7	79.0	53.1	66.0
2015	5	8	71.1	46.0	58.5
2015	5	9	71.1	46.0	58.5
2015	5	10	89.1	59.0	74.0
2015	5	11	80.1	50.0	65.0
2015	5	12	87.1	48.0	67.5
2015	5	13	69.1	53.1	61.1
2015	5	14	69.1	48.9	59.0
2015	5	15	66.9	48.0	57.5
2015	5	16	71.1	55.0	63.0
2015	5	17	66.9	52.0	59.5
2015	5	18	57.9	48.9	53.4
2015	5	19	64.9	52.0	58.5
2015	5	20	66.0	51.1	58.5
2015	5	21	66.9	45.0	56.0
2015	5	22	75.9	52.0	64.0
2015	5	23	64.9	44.1	54.5
2015	5	24	82.9	51.1	67.0
2015	5	25	81.0	57.9	69.5
2015	5	26	87.1	64.0	75.5
2015	5	27	84.9	64.9	74.9
2015	5	28	86.0	64.0	75.0
2015	5	29	72.0	55.0	63.5
2015	5	30	88.0	57.9	73.0
2015	5	31	77.0	48.0	62.5
2015	6	1	48.9	46.9	47.9
2015	6	2	48.9	46.0	47.5
2015	6	3	55.9	46.9	51.4
2015	6	4	57.9	48.9	53.4
2015	6	5	59.0	50.0	54.5
2015	6	6	66.9	52.0	59.5
2015	6	7	66.9	53.1	60.0
2015	6	8	75.9	53.1	64.5
2015	6	9	78.1	64.0	71.0
2015	6	10	82.0	62.1	72.0
2015	6	11	88.0	64.0	76.0
2015	6	12	79.0	64.9	72.0
2015	6	13	84.9	64.0	74.5
2015	6	14	73.9	62.1	68.0
2015	6	15	63.0	54.0	58.5
2015	6	16	71.1	55.9	63.5
2015	6	17	69.1	59.0	64.0
2015	6	18	75.9	57.0	66.5
2015	6	19	86.0	63.0	74.5
2015	6	20	75.0	57.9	66.5
2015	6	21	75.9	60.1	68.0
2015	6	22	77.0	61.0	69.0
2015	6	23	88.0	60.1	74.0
2015	6	24	84.0	66.9	75.5
2015	6	25	81.0	64.0	72.5
2015	6	26	72.0	59.0	65.5
2015	6	27	68.0	57.0	62.5
2015	6	28	59.0	52.0	55.5
2015	6	29	75.0	53.1	64.0
2015	6	30	75.0	60.1	67.5
2015	7	1	82.0	62.1	72.0
2015	7	2	80.1	64.0	72.0
2015	7	3	75.9	63.0	69.5
2015	7	4	72.0	62.1	67.0
2015	7	5	82.9	61.0	72.0
2015	7	6	80.1	68.0	74.0
2015	7	7	84.0	64.9	74.5
2015	7	8	88.0	69.1	78.5
2015	7	9	69.1	63.0	66.0
2015	7	10	77.0	60.1	68.5
2015	7	11	82.9	68.0	75.5
2015	7	12	89.1	72.0	80.5
2015	7	13	77.0	66.9	72.0
2015	7	14	82.0	64.9	73.5
2015	7	15	82.0	66.9	74.5
2015	7	16	68.0	59.0	63.5
2015	7	17	75.0	60.1	67.5
2015	7	18	78.1	64.0	71.0
2015	7	19	90.0	71.1	80.5
2015	7	20	91.9	70.0	81.0
2015	7	21	81.0	70.0	75.5
2015	7	22	84.0	69.1	76.5
2015	7	23	82.0	66.9	74.5
2015	7	24	81.0	66.0	73.5
2015	7	25	69.1	62.1	65.6
2015	7	26	79.0	63.0	71.0
2015	7	27	86.0	68.0	77.0
2015	7	28	86.0	70.0	78.0
2015	7	29	91.9	71.1	81.5
2015	7	30	91.0	73.9	82.5
2015	7	31	89.1	73.0	81.0
2015	8	1	90.0	68.0	79.0
2015	8	2	88.0	68.0	78.0
2015	8	3	90.0	68.0	79.0
2015	8	4	89.1	66.0	77.5
2015	8	5	84.9	64.9	74.9
2015	8	6	82.0	64.9	73.5
2015	8	7	73.0	64.0	68.5
2015	8	8	75.9	61.0	68.5
2015	8	9	73.0	62.1	67.5
2015	8	10	82.9	63.0	73.0
2015	8	11	72.0	64.0	68.0
2015	8	12	84.9	68.0	76.5
2015	8	13	82.0	66.0	74.0
2015	8	14	86.0	63.0	74.5
2015	8	15	91.0	68.0	79.5
2015	8	16	90.0	66.9	78.5
2015	8	17	91.0	71.1	81.0
2015	8	18	87.1	71.1	79.1
2015	8	19	88.0	71.1	79.5
2015	8	20	78.1	68.0	73.0
2015	8	21	82.9	66.9	74.9
2015	8	22	73.0	66.9	70.0
2015	8	23	71.1	66.9	69.0
2015	8	24	75.0	68.0	71.5
2015	8	25	81.0	66.9	74.0
2015	8	26	84.9	69.1	77.0
2015	8	27	82.0	64.9	73.5
2015	8	28	75.0	64.0	69.5
2015	8	29	82.0	63.0	72.5
2015	8	30	88.0	69.1	78.5
2015	8	31	90.0	71.1	80.5
2015	9	1	79.0	69.1	74.0
2015	9	2	91.0	66.0	78.5
2015	9	3	82.0	70.0	76.0
2015	9	4	72.0	62.1	67.0
2015	9	5	73.0	57.9	65.5
2015	9	6	82.0	61.0	71.5
2015	9	7	93.0	66.0	79.5
2015	9	8	96.1	72.0	84.0
2015	9	9	93.0	72.0	82.5
2015	9	10	77.0	64.0	70.5
2015	9	11	73.0	63.0	68.0
2015	9	12	71.1	60.1	65.6
2015	9	13	66.0	63.0	64.5
2015	9	14	72.0	57.0	64.5
2015	9	15	84.0	62.1	73.0
2015	9	16	81.0	64.9	73.0
2015	9	17	89.1	64.0	76.5
2015	9	18	84.9	64.9	74.9
2015	9	19	79.0	62.1	70.5
2015	9	20	75.0	57.0	66.0
2015	9	21	66.0	53.1	59.5
2015	9	22	68.0	55.9	62.0
2015	9	23	68.0	54.0	61.0
2015	9	24	73.9	57.9	65.9
2015	9	25	66.0	55.0	60.5
2015	9	26	63.0	50.0	56.5
2015	9	27	64.0	48.0	56.0
2015	9	28	78.1	55.9	67.0
2015	9	29	84.0	64.9	74.5
2015	9	30	78.1	57.0	67.5
2015	10	1	59.0	54.0	56.5
2015	10	2	54.0	50.0	52.0
2015	10	3	54.0	48.9	51.5
2015	10	4	55.9	51.1	53.5
2015	10	5	61.0	48.0	54.5
2015	10	6	64.0	48.0	56.0
2015	10	7	72.0	52.0	62.0
2015	10	8	62.1	51.1	56.6
2015	10	9	72.0	52.0	62.0
2015	10	10	61.0	48.0	54.5
2015	10	11	68.0	48.0	58.0
2015	10	12	75.9	51.1	63.5
2015	10	13	72.0	55.0	63.5
2015	10	14	68.0	51.1	59.5
2015	10	15	62.1	46.9	54.5
2015	10	16	61.0	50.0	55.5
2015	10	17	55.9	39.9	47.9
2015	10	18	46.9	33.1	40.0
2015	10	19	48.0	31.1	39.5
2015	10	20	66.0	45.0	55.5
2015	10	21	61.0	53.1	57.0
2015	10	22	73.0	52.0	62.5
2015	10	23	59.0	39.9	49.5
2015	10	24	48.9	37.9	43.4
2015	10	25	63.0	48.0	55.5
2015	10	26	52.0	43.0	47.5
2015	10	27	54.0	37.9	46.0
2015	10	28	64.9	42.1	53.5
2015	10	29	75.0	57.0	66.0
2015	10	30	61.0	42.1	51.5
2015	10	31	52.0	37.9	45.0
2015	11	1	62.1	48.0	55.0
2015	11	2	64.0	51.1	57.5
2015	11	3	73.0	46.9	60.0
2015	11	4	60.1	48.9	54.5
2015	11	5	75.9	50.0	63.0
2015	11	6	73.0	62.1	67.5
2015	11	7	69.1	50.0	59.5
2015	11	8	55.9	44.1	50.0
2015	11	9	60.1	41.0	50.5
2015	11	10	53.1	44.1	48.6
2015	11	11	50.0	46.0	48.0
2015	11	12	57.0	46.0	51.5
2015	11	13	59.0	46.0	52.5
2015	11	14	46.9	37.0	42.0
2015	11	15	54.0	37.0	45.5
2015	11	16	61.0	39.0	50.0
2015	11	17	45.0	33.1	39.0
2015	11	18	48.0	31.1	39.5
2015	11	19	55.0	43.0	49.0
2015	11	20	61.0	44.1	52.5
2015	11	21	48.0	37.9	43.0
2015	11	22	48.9	36.0	42.5
2015	11	23	42.1	30.2	36.1
2015	11	24	44.1	29.1	36.6
2015	11	25	44.1	30.2	37.1
2015	11	26	59.0	37.9	48.5
2015	11	27	64.0	48.0	56.0
2015	11	28	60.1	41.0	50.5
2015	11	29	44.1	32.0	38.0
2015	11	30	37.9	28.2	33.0
2015	12	1	45.0	32.0	38.5
2015	12	2	51.1	39.0	45.0
2015	12	3	52.0	41.0	46.5
2015	12	4	48.0	37.9	43.0
2015	12	5	53.1	39.0	46.0
2015	12	6	59.0	36.0	47.5
2015	12	7	55.9	37.0	46.5
2015	12	8	44.1	37.0	40.5
2015	12	9	46.0	37.0	41.5
2015	12	10	57.9	43.0	50.5
2015	12	11	57.9	43.0	50.5
2015	12	12	61.0	48.9	55.0
2015	12	13	53.1	46.0	49.5
2015	12	14	57.9	46.0	52.0
2015	12	15	61.0	48.0	54.5
2015	12	16	48.0	37.9	43.0
2015	12	17	52.0	39.0	45.5
2015	12	18	52.0	39.0	45.5
2015	12	19	39.9	33.1	36.5
2015	12	20	41.0	31.1	36.0
2015	12	21	53.1	32.0	42.5
2015	12	22	60.1	48.0	54.0
2015	12	23	55.9	45.0	50.5
2015	12	24	69.1	48.0	58.5
2015	12	25	62.1	48.9	55.5
2015	12	26	55.0	41.0	48.0
2015	12	27	50.0	37.9	44.0
2015	12	28	37.9	29.1	33.5
2015	12	29	39.9	24.3	32.1
2015	12	30	37.0	25.2	31.1
2015	12	31	46.9	33.1	40.0
2016	1	1	41.0	33.1	37.0
2016	1	2	39.9	31.1	35.5
2016	1	3	44.1	31.1	37.6
2016	1	4	36.0	14.2	25.1
2016	1	5	26.2	8.2	17.2
2016	1	6	45.0	21.2	33.1
2016	1	7	43.0	26.2	34.6
2016	1	8	42.1	30.2	36.1
2016	1	9	41.0	37.9	39.5
2016	1	10	57.9	37.9	47.9
2016	1	11	51.1	25.2	38.1
2016	1	12	37.0	21.2	29.1
2016	1	13	33.1	21.2	27.1
2016	1	14	30.2	21.2	25.7
2016	1	15	42.1	26.2	34.1
2016	1	16	43.0	34.0	38.5
2016	1	17	37.9	29.1	33.5
2016	1	18	29.1	19.2	24.1
2016	1	19	25.2	16.2	20.7
2016	1	20	33.1	19.2	26.1
2016	1	21	33.1	21.2	27.1
2016	1	22	32.0	19.2	25.6
2016	1	23	32.0	20.1	26.1
2016	1	24	36.0	18.1	27.1
2016	1	25	35.1	26.2	30.6
2016	1	26	51.1	28.2	39.6
2016	1	27	45.0	31.1	38.0
2016	1	28	42.1	26.2	34.1
2016	1	29	41.0	33.1	37.0
2016	1	30	43.0	30.2	36.6
2016	1	31	57.0	37.9	47.5
2016	2	1	64.9	39.0	52.0
2016	2	2	50.0	36.0	43.0
2016	2	3	57.0	35.1	46.0
2016	2	4	55.9	43.0	49.5
2016	2	5	43.0	25.2	34.1
2016	2	6	35.1	24.3	29.7
2016	2	7	44.1	29.1	36.6
2016	2	8	37.9	18.1	28.0
2016	2	9	29.1	20.1	24.6
2016	2	10	36.0	20.1	28.1
2016	2	11	31.1	11.1	21.1
2016	2	12	24.3	8.2	16.2
2016	2	13	24.3	-3.8	10.2
2016	2	14	12.2	-8.9	1.6
2016	2	15	35.1	4.1	19.6
2016	2	16	54.0	31.1	42.5
2016	2	17	46.0	34.0	40.0
2016	2	18	35.1	24.3	29.7
2016	2	19	37.0	20.1	28.6
2016	2	20	60.1	33.1	46.6
2016	2	21	54.0	42.1	48.0
2016	2	22	43.0	30.2	36.6
2016	2	23	39.0	26.2	32.6
2016	2	24	57.0	37.9	47.5
2016	2	25	62.1	41.0	51.5
2016	2	26	41.0	26.2	33.6
2016	2	27	39.0	21.2	30.1
2016	2	28	57.9	36.0	47.0
2016	3	1	48.9	34.0	41.5
2016	3	2	53.1	25.2	39.1
2016	3	3	34.0	21.2	27.6
2016	3	4	31.1	26.2	28.6
2016	3	5	34.0	23.2	28.6
2016	3	6	42.1	30.2	36.1
2016	3	7	51.1	30.2	40.6
2016	3	8	48.0	36.0	42.0
2016	3	9	77.0	39.9	58.5
2016	3	10	66.0	46.9	56.5
2016	3	11	50.0	41.0	45.5
2016	3	12	60.1	36.0	48.0
2016	3	13	63.0	45.0	54.0
2016	3	14	45.0	39.0	42.0
2016	3	15	45.0	41.0	43.0
2016	3	16	48.0	41.0	44.5
2016	3	17	64.0	43.0	53.5
2016	3	18	52.0	35.1	43.5
2016	3	19	45.0	29.1	37.0
2016	3	20	35.1	26.2	30.6
2016	3	21	44.1	28.2	36.1
2016	3	22	48.9	33.1	41.0
2016	3	23	63.0	42.1	52.5
2016	3	24	43.0	36.0	39.5
2016	3	25	46.0	37.0	41.5
2016	3	26	43.0	34.0	38.5
2016	3	27	42.1	34.0	38.0
2016	3	28	46.9	37.9	42.4
2016	3	29	51.1	37.9	44.5
2016	3	30	59.0	34.0	46.5
2016	3	31	71.1	43.0	57.0
2016	4	1	69.1	59.0	64.0
2016	4	2	59.0	42.1	50.5
2016	4	3	43.0	29.1	36.0
2016	4	4	30.2	24.3	27.2
2016	4	5	37.0	22.1	29.6
2016	4	6	42.1	25.2	33.6
2016	4	7	57.9	42.1	50.0
2016	4	8	53.1	37.0	45.0
2016	4	9	46.0	32.0	39.0
2016	4	10	48.9	31.1	40.0
2016	4	11	60.1	42.1	51.1
2016	4	12	60.1	43.0	51.5
2016	4	13	50.0	37.9	44.0
2016	4	14	48.9	37.9	43.4
2016	4	15	54.0	37.9	46.0
2016	4	16	54.0	41.0	47.5
2016	4	17	54.0	39.0	46.5
2016	4	18	66.9	42.1	54.5
2016	4	19	54.0	44.1	49.0
2016	4	20	51.1	44.1	47.6
2016	4	21	77.0	43.0	60.0
2016	4	22	78.1	57.9	68.0
2016	4	23	64.0	48.0	56.0
2016	4	24	50.0	42.1	46.0
2016	4	25	57.0	44.1	50.5
2016	4	26	51.1	37.0	44.0
2016	4	27	62.1	37.0	49.5
2016	4	28	54.0	41.0	47.5
2016	4	29	51.1	43.0	47.0
2016	4	30	55.0	41.0	48.0
2016	5	1	53.1	43.0	48.0
2016	5	2	51.1	43.0	47.0
2016	5	3	48.9	45.0	47.0
2016	5	4	50.0	43.0	46.5
2016	5	5	46.9	44.1	45.5
2016	5	6	53.1	46.0	49.5
2016	5	7	51.1	46.0	48.5
2016	5	8	63.0	46.0	54.5
2016	5	9	66.0	46.0	56.0
2016	5	10	71.1	46.9	59.0
2016	5	11	68.0	54.0	61.0
2016	5	12	66.0	54.0	60.0
2016	5	13	73.9	52.0	63.0
2016	5	14	77.0	59.0	68.0
2016	5	15	61.0	45.0	53.0
2016	5	16	59.0	42.1	50.5
2016	5	17	70.0	50.0	60.0
2016	5	18	59.0	48.9	54.0
2016	5	19	60.1	50.0	55.0
2016	5	20	71.1	51.1	61.1
2016	5	21	75.9	53.1	64.5
2016	5	22	62.1	52.0	57.0
2016	5	23	73.0	51.1	62.0
2016	5	24	59.0	52.0	55.5
2016	5	25	88.0	53.1	70.5
2016	5	26	79.0	57.9	68.5
2016	5	27	73.0	57.9	65.5
2016	5	28	91.9	66.9	79.4
2016	5	29	77.0	53.1	65.0
2016	5	30	75.9	52.0	64.0
2016	5	31	87.1	68.0	77.5
2016	6	1	73.0	57.0	65.0
2016	6	2	62.1	55.9	59.0
2016	6	3	70.0	57.0	63.5
2016	6	4	70.0	61.0	65.5
2016	6	5	68.0	60.1	64.0
2016	6	6	84.0	64.9	74.5
2016	6	7	86.0	63.0	74.5
2016	6	8	73.9	57.0	65.5
2016	6	9	69.1	54.0	61.5
2016	6	10	72.0	55.0	63.5
2016	6	11	68.0	54.0	61.0
2016	6	12	80.1	55.0	67.5
2016	6	13	73.0	54.0	63.5
2016	6	14	79.0	55.0	67.0
2016	6	15	84.9	66.0	75.5
2016	6	16	77.0	61.0	69.0
2016	6	17	73.9	59.0	66.5
2016	6	18	72.0	60.1	66.0
2016	6	19	82.0	57.0	69.5
2016	6	20	82.9	60.1	71.5
2016	6	21	87.1	64.0	75.5
2016	6	22	78.1	64.0	71.0
2016	6	23	77.0	60.1	68.5
2016	6	24	72.0	61.0	66.5
2016	6	25	73.0	59.0	66.0
2016	6	26	84.0	59.0	71.5
2016	6	27	86.0	64.0	75.0
2016	6	28	79.0	68.0	73.5
2016	6	29	87.1	66.9	77.0
2016	6	30	81.0	68.0	74.5
2016	7	1	86.0	68.0	77.0
2016	7	2	80.1	64.9	72.5
2016	7	3	84.0	64.0	74.0
2016	7	4	88.0	66.0	77.0
2016	7	5	75.9	64.0	70.0
2016	7	6	93.9	71.1	82.5
2016	7	7	79.0	61.0	70.0
2016	7	8	66.9	61.0	64.0
2016	7	9	64.9	59.0	62.0
2016	7	10	64.0	59.0	61.5
2016	7	11	72.0	59.0	65.5
2016	7	12	88.0	64.9	76.5
2016	7	13	91.9	64.9	78.4
2016	7	14	87.1	69.1	78.1
2016	7	15	96.1	72.0	84.0
2016	7	16	93.9	75.0	84.5
2016	7	17	79.0	68.0	73.5
2016	7	18	95.0	66.9	81.0
2016	7	19	84.0	68.0	76.0
2016	7	20	84.0	64.9	74.5
2016	7	21	91.0	66.9	79.0
2016	7	22	98.1	73.0	85.5
2016	7	23	93.9	72.0	83.0
2016	7	24	91.0	68.0	79.5
2016	7	25	91.9	66.9	79.4
2016	7	26	93.9	75.9	84.9
2016	7	27	87.1	73.0	80.0
2016	7	28	91.9	73.0	82.5
2016	7	29	79.0	72.0	75.5
2016	7	30	80.1	71.1	75.6
2016	7	31	73.9	68.0	71.0
2016	8	1	75.0	69.1	72.0
2016	8	2	73.9	64.9	69.4
2016	8	3	79.0	62.1	70.5
2016	8	4	82.0	64.0	73.0
2016	8	5	89.1	64.0	76.5
2016	8	6	89.1	70.0	79.5
2016	8	7	89.1	72.0	80.5
2016	8	8	82.0	69.1	75.5
2016	8	9	84.0	70.0	77.0
2016	8	10	80.1	68.0	74.0
2016	8	11	96.1	75.0	85.5
2016	8	12	98.1	78.1	88.1
2016	8	13	82.0	68.0	75.0
2016	8	14	96.1	69.1	82.6
2016	8	15	90.0	73.0	81.5
2016	8	16	81.0	69.1	75.0
2016	8	17	84.9	72.0	78.5
2016	8	18	90.0	69.1	79.5
2016	8	19	81.0	66.9	74.0
2016	8	20	86.0	66.0	76.0
2016	8	21	78.1	64.9	71.5
2016	8	22	80.1	64.9	72.5
2016	8	23	82.0	61.0	71.5
2016	8	24	88.0	64.9	76.5
2016	8	25	88.0	68.0	78.0
2016	8	26	91.0	73.0	82.0
2016	8	27	82.9	69.1	76.0
2016	8	28	78.1	66.0	72.0
2016	8	29	90.0	69.1	79.5
2016	8	30	77.0	64.0	70.5
2016	8	31	82.0	68.0	75.0
2016	9	1	75.9	68.0	72.0
2016	9	2	75.0	64.0	69.5
2016	9	3	70.0	60.1	65.0
2016	9	4	72.0	60.1	66.0
2016	9	5	73.9	60.1	67.0
2016	9	6	72.0	63.0	67.5
2016	9	7	75.9	64.9	70.4
2016	9	8	75.9	66.0	71.0
2016	9	9	93.0	73.0	83.0
2016	9	10	78.1	70.0	74.0
2016	9	11	82.9	63.0	73.0
2016	9	12	72.0	59.0	65.5
2016	9	13	82.9	60.1	71.5
2016	9	14	90.0	62.1	76.0
2016	9	15	66.0	57.0	61.5
2016	9	16	70.0	54.0	62.0
2016	9	17	78.1	55.0	66.5
2016	9	18	82.0	66.0	74.0
2016	9	19	73.9	66.9	70.4
2016	9	20	75.0	66.9	71.0
2016	9	21	82.9	69.1	76.0
2016	9	22	79.0	61.0	70.0
2016	9	23	82.0	55.9	69.0
2016	9	24	66.9	54.0	60.5
2016	9	25	66.0	48.9	57.5
2016	9	26	64.0	48.0	56.0
2016	9	27	72.0	59.0	65.5
2016	9	28	61.0	55.9	58.5
2016	9	29	60.1	54.0	57.0
2016	9	30	62.1	55.9	59.0
2016	10	1	59.0	54.0	56.5
2016	10	2	57.0	53.1	55.0
2016	10	3	68.0	55.0	61.5
2016	10	4	63.0	50.0	56.5
2016	10	5	60.1	48.0	54.0
2016	10	6	66.9	48.9	57.9
2016	10	7	68.0	53.1	60.5
2016	10	8	68.0	52.0	60.0
2016	10	9	64.9	48.0	56.5
2016	10	10	59.0	45.0	52.0
2016	10	11	59.0	44.1	51.5
2016	10	12	62.1	48.0	55.0
2016	10	13	72.0	51.1	61.5
2016	10	14	60.1	46.0	53.0
2016	10	15	55.9	42.1	49.0
2016	10	16	71.1	46.0	58.5
2016	10	17	75.0	62.1	68.5
2016	10	18	69.1	57.0	63.0
2016	10	19	81.0	62.1	71.5
2016	10	20	62.1	55.9	59.0
2016	10	21	75.0	59.0	67.0
2016	10	22	64.9	44.1	54.5
2016	10	23	57.9	44.1	51.0
2016	10	24	61.0	46.0	53.5
2016	10	25	48.9	39.0	44.0
2016	10	26	48.9	37.0	43.0
2016	10	27	48.9	34.0	41.5
2016	10	28	55.0	44.1	49.5
2016	10	29	57.0	42.1	49.5
2016	10	30	64.9	46.0	55.5
2016	10	31	52.0	37.9	45.0
2016	11	1	51.1	34.0	42.5
2016	11	2	70.0	45.0	57.5
2016	11	3	64.0	51.1	57.5
2016	11	4	57.0	39.0	48.0
2016	11	5	57.0	35.1	46.0
2016	11	6	52.0	43.0	47.5
2016	11	7	46.9	36.0	41.5
2016	11	8	59.0	37.9	48.5
2016	11	9	62.1	44.1	53.1
2016	11	10	53.1	39.0	46.0
2016	11	11	60.1	37.9	49.0
2016	11	12	48.0	34.0	41.0
2016	11	13	60.1	41.0	50.5
2016	11	14	66.0	39.0	52.5
2016	11	15	57.9	46.0	52.0
2016	11	16	55.0	51.1	53.0
2016	11	17	57.0	45.0	51.0
2016	11	18	63.0	43.0	53.0
2016	11	19	51.1	43.0	47.0
2016	11	20	48.9	32.0	40.5
2016	11	21	37.9	30.2	34.0
2016	11	22	43.0	32.0	37.5
2016	11	23	45.0	33.1	39.0
2016	11	24	44.1	33.1	38.6
2016	11	25	48.0	39.0	43.5
2016	11	26	46.9	37.9	42.4
2016	11	27	46.0	36.0	41.0
2016	11	28	46.0	33.1	39.5
2016	11	29	57.9	33.1	45.5
2016	11	30	52.0	42.1	47.0
2016	12	1	57.0	43.0	50.0
2016	12	2	51.1	37.9	44.5
2016	12	3	44.1	35.1	39.6
2016	12	4	42.1	31.1	36.6
2016	12	5	39.9	31.1	35.5
2016	12	6	44.1	34.0	39.0
2016	12	7	42.1	36.0	39.0
2016	12	8	43.0	34.0	38.5
2016	12	9	37.0	25.2	31.1
2016	12	10	29.1	21.2	25.1
2016	12	11	35.1	20.1	27.6
2016	12	12	44.1	29.1	36.6
2016	12	13	43.0	35.1	39.0
2016	12	14	42.1	27.1	34.6
2016	12	15	32.0	14.2	23.1
2016	12	16	21.2	4.1	12.6
2016	12	17	36.0	21.2	28.6
2016	12	18	57.0	33.1	45.0
2016	12	19	33.1	19.2	26.1
2016	12	20	34.0	18.1	26.1
2016	12	21	45.0	29.1	37.0
2016	12	22	39.0	31.1	35.0
2016	12	23	46.0	35.1	40.5
2016	12	24	45.0	35.1	40.0
2016	12	25	45.0	27.1	36.0
2016	12	26	48.0	24.3	36.1
2016	12	27	57.9	39.0	48.5
2016	12	28	42.1	32.0	37.0
2016	12	29	43.0	29.1	36.0
2016	12	30	41.0	30.2	35.6
2016	12	31	42.1	26.2	34.1
